pitch_angle_model,pitch_velocity_model,yaw_angle_model,yaw_velocity_model,ref_pitch,ref_pitch_vel,ref_yaw,ref_yaw_vel,pitch_input,yaw_input
15.234855180011646,51.37118850333193,0.2272131019341931,0.766151496156151,9.972707794521341,-0.36915418360533,0.73830836721066,4.9863538972606705,1000.0,-970.6102575941283
11.164311998841454,-93.19271942363727,0.6005121544250731,5.230610914268954,9.923068791031945,-0.61901247330886,1.23802494661772,4.961534395515972,-845.537242280707,1000.0
7.431183642665519,-0.7079502523071142,1.3550770222688948,8.404872239039431,9.848784728352474,-0.8662331346945631,1.7324662693891262,4.924392364176237,699.8521458337935,-456.41605468404833
7.46402013199506,0.9339541968692158,1.9023176896877545,3.2963532052616564,9.749884159047191,-1.111278417539978,2.222556835079956,4.874942079523596,318.57670091370187,-183.58316115119123
7.425348523041861,-1.1601163972475612,2.2593665804694383,3.4756937373199657,9.626534664293105,-1.353682972224592,2.707365944449184,4.813267332146553,319.35036203428405,-119.07302127499744
7.297548963551955,-1.2597512302359233,2.6242134086475972,3.496869599888963,9.479393093260585,-1.5922552075157037,3.1845104150314074,4.7396965466302925,333.16393907857395,-110.50829225208939
7.156051946755043,-1.40454060596283,2.986704097979394,3.4345789915476304,9.308211741116862,-1.8273747687963595,3.654749537592719,4.654105870558431,338.06771664966647,-93.97115227531198
6.998136798834274,-1.5723302703352147,3.340418759669126,3.346595722895979,9.114024697059033,-2.0575807287563466,4.115161457512693,4.557012348529517,342.0865102350572,-77.0612608733458
6.822603146679244,-1.740663172563744,3.6856846726531103,3.2695809647127274,8.897060913892405,-2.28266878316194,4.56533756632388,4.4485304569462025,345.57997030223623,-59.72231625994306
6.6297190383375595,-1.9027382165455984,4.022307928277878,3.1799705460819876,8.657707128175954,-2.5022043922675103,5.004408784535021,4.328853564087977,348.13330421136624,-42.37253594272988
6.420016954126756,-2.0597186918967973,4.349201672559337,3.080994537592606,8.396467666029597,-2.7156643171293964,5.431328634258793,4.198233833014799,349.8161618948695,-24.8958459942114
6.194759445948143,-2.2072446156796253,4.664464965509775,2.9687791457023875,8.114543547094007,-2.9220790125488993,5.844158025097799,4.057271773547003,350.6045152924652,-7.496254679011088
5.953567025429774,-2.3581324221613094,4.968616346835,2.861182050508769,7.811981734804925,-3.121415599334469,6.242831198668938,3.9059908674024624,350.5629371098312,10.225090695299983
5.698644152483995,-2.488866322974509,5.25906752793129,2.7297066637402123,7.490827564112875,-3.3123821641202107,6.624764328240421,3.7454137820564375,349.5958038024223,27.420051907556193
5.427900357258153,-2.637538036568528,5.538034990819664,2.617409041697629,7.149806877231034,-3.495721013549988,6.991442027099976,3.574903438615517,347.79645409698793,45.324396729987924
5.14498448432663,-2.7481522356807626,5.801856755909491,2.466712645041296,6.791986098463747,-3.6697726373126716,7.339545274625343,3.3959930492318735,345.1095138061555,62.12984907547591
4.848435507207312,-2.8814519384504402,6.051832839086971,2.3377593084413784,6.41653398325039,-3.834973651858409,7.669947303716818,3.208266991625195,341.5467305660704,79.71366566001635
4.539974294402186,-2.986892468954987,6.286563548752432,2.1848423223428854,6.025355685848194,-3.990460150753821,7.980920301507642,3.012677842924097,337.16411941388196,96.42964342942012
4.220055416196104,-3.0961078957477457,6.505634047178708,2.0354087504534903,5.618900826838738,-4.136059522605754,8.272119045211507,2.809450413419369,331.90316796716303,113.28628077390016
3.889552052108928,-3.1922717115522428,6.708470686645402,1.877030737824991,5.198414882511173,-4.271313694558337,8.542627389116674,2.5992074412555866,325.83684558349563,129.6809208009307
3.548893953298863,-3.2850849541835245,6.894744552132664,1.716514365811745,4.764510352107764,-4.3960050359575895,8.792010071915179,2.382255176053882,318.9214264731495,145.88690328922883
3.2003156088845572,-3.3589850409210755,7.063304587703744,1.5465506793457173,4.319423942182453,-4.509505982025664,9.019011964051328,2.1597119710912267,311.28979100536236,161.47923366789536
2.8430820587649883,-3.4410778567636497,7.214497274117404,1.3805386975558187,3.863015003468929,-4.611862830868183,9.223725661736365,1.9315075017344645,302.7523864614578,177.0334591980183
2.4793438800766228,-3.49808258207173,7.347455949328884,1.2041191733096237,3.3975366264738307,-4.70257229800268,9.40514459600536,1.6987683132369154,293.60848029118927,191.76155686302653
2.1090808157750978,-3.560069580185625,7.46216376643858,1.0297875512992463,2.9232787535237352,-4.781590774240219,9.563181548480438,1.4616393767618676,283.59295479715286,206.32653600353925
1.7335205726787721,-3.6041961391950297,7.558246868113748,0.8498344851483012,2.4418047305273514,-4.848649029832285,9.69729805966457,1.2209023652636757,272.96798387205496,220.16853697126106
1.3530608196793579,-3.646390814898795,7.635532431184039,0.669288732026512,1.9536522581282667,-4.903652792926675,9.80730558585335,0.9768261290641334,261.56266556437663,233.62394459454543
0.9704711300721798,-3.665408209911765,7.6935349090705225,0.48491220835829063,1.461557284641586,-4.946307974229645,9.89261594845929,0.730778642320793,249.68612616004583,246.2352636712028
0.5844589780590801,-3.696794460449896,7.732428966634449,0.3023103435246819,0.9651035700917678,-4.976659901454894,9.953319802909787,0.4825517850458839,236.90935801119085,258.6052718028216
0.1975527413729254,-3.69793091548348,7.751982413773966,0.11673215728324834,0.466770303884893,-4.9945501670173265,9.989100334034653,0.2333851519424465,223.83722361211534,269.9530112431079
-0.19123401760413244,-3.711279312046283,7.752127460236425,-0.06858537037966322,-0.03397501927314903,-4.999971142368358,9.999942284736717,-0.016987509636574517,209.85959020289715,281.00636465252666
-0.5775093677853007,-3.6841049004960076,7.7329736824720445,-0.25284163077785227,-0.5330506984241148,-4.992891370561489,9.985782741122978,-0.2665253492120574,195.85580658109447,290.8683351899233
-0.9634390964277169,-3.68435296284606,7.694400224814532,-0.4382975061338651,-1.0316928362294655,-4.973319060036085,9.94663812007217,-0.5158464181147328,180.77479978485138,300.5473671063251
-1.3464506997636048,-3.6467716004665256,7.636709809707413,-0.620160396759225,-1.5270894720463104,-4.941356032112171,9.882712064224341,-0.7635447360231552,165.75744584069335,309.0311242357829
-1.7270351994387365,-3.621500335918325,7.559723452976295,-0.8038968097027464,-2.01958196392472,-4.896970713895223,9.793941427790447,-1.00979098196236,149.89500944301702,317.070443248102
-2.1024078415665133,-3.5656475275272848,7.464059313335335,-0.9810220691974066,-2.506281715585213,-4.840417129807183,9.680834259614366,-1.2531408577926064,134.07776419939657,324.03385334094884
-2.4735168735278625,-3.523515878194766,7.349406890011722,-1.161728961238051,-2.987653507620453,-4.771633014975146,9.543266029950292,-1.4938267538102266,117.46467289905745,330.4631192523654
-2.836572756686815,-3.4446092462092053,7.217079141228998,-1.3300020601236244,-3.4599633001686763,-4.691179328310896,9.382358656621792,-1.7299816500843381,101.16278654323112,335.7540225743616
-3.1941197352824786,-3.3925939691699623,7.066085212134192,-1.5083850769028164,-3.924841989799077,-4.59879373735956,9.19758747471912,-1.9624209948995386,83.85156598373158,340.56075287887876
-3.5436143696072997,-3.3028081237388665,6.89746748117399,-1.6714402754201143,-4.379732551644086,-4.494940010057675,8.98988002011535,-2.189866275822043,66.98158183521244,344.2262034734276
-3.8842304661418194,-3.2184964497753152,6.711551230647923,-1.8364290034668278,-4.823965284220061,-4.379764803520837,8.759529607041674,-2.4119826421100306,49.56177440480353,347.1843532899318
-4.214563401434079,-3.1180605532050194,6.50920161407304,-1.9920666542883816,-5.255622688473748,-4.253775680392654,8.507551360785309,-2.627811344236874,32.264377752516914,349.1993584184517
-4.534507944656962,-3.018642766843874,6.290498509116285,-2.1480602819652876,-5.67422700075231,-4.117133345664597,8.234266691329195,-2.837113500376155,14.671476704052008,350.3970489456402
-4.842835685195819,-2.90455384602044,6.05633109066391,-2.293755228718317,-6.07828523838047,-3.970341564679482,7.940683129358964,-3.039142619190235,-2.7510817734256143,350.67858446995297
-5.14011018643817,-2.7939467539811003,5.8061444748145785,-2.442849005105994,-6.46803284927488,-3.813284380317743,7.626568760635486,-3.23401642463744,-20.492858580351175,350.1191111918499
-5.42326377471115,-2.6563330731138834,5.542613533048893,-2.5679633828831996,-6.840597876597283,-3.6471297170066745,7.294259434013349,-3.4202989382986413,-37.60890693429282,348.64440868764433
-5.694143094202734,-2.5382198822621094,5.263905930297171,-2.711754219236456,-7.1971691086694625,-3.4713382441507346,6.942676488301469,-3.5985845543347312,-55.43067662033178,346.3250851651953
-5.949720302331598,-2.3864008888220463,4.97324927330807,-2.8202029043020986,-7.534811511733549,-3.287347543333667,6.574695086667334,-3.7674057558667746,-72.21986171644997,343.14560452802476
-6.190564498177649,-2.249828404414393,4.670009851825419,-2.9447275190001387,-7.8538042965077,-3.0950669650331153,6.190133930066231,-3.92690214825385,-89.55216502067105,339.08664184588486
-6.416517608235185,-2.100231121277418,4.354357549743222,-3.0543251679740946,-8.153482514699046,-2.894854179509605,5.78970835901921,-4.076741257349523,-106.35924519799575,334.1854990867241
-6.6262270515816715,-1.94260470825111,4.028069305468911,-3.152095132925952,-8.432743842133712,-2.687416570470419,5.374833140940838,-4.216371921066856,-122.86606543098694,328.4636140650994
-6.819117806714888,-1.7821293887999283,3.6921328634096175,-3.2441139145940157,-8.690749651413636,-2.4734020344686067,4.9468040689372135,-4.345374825706818,-139.12018644301034,321.9180964604916
-6.995148177948483,-1.6195260974248888,3.3466459510109785,-3.33255329345189,-8.927153891237106,-2.2531047136213065,4.506209427242613,-4.463576945618553,-155.10338630744477,314.5409205692976
-7.1536622688921225,-1.4498414907119777,2.9928779041486213,-3.4068915209254524,-9.14118033427219,-2.027240864840397,4.054481729680794,-4.570590167136095,-170.56870753387048,306.4178941563925
-7.294508399545994,-1.2792644375782896,2.6310224479034563,-3.479592323008791,-9.332585404884133,-1.796026841429691,3.592053682859382,-4.666292702442067,-185.77491146846646,297.4615712436413
-7.416742940095632,-1.1007974054344272,2.263674866823897,-3.5298991362973244,-9.500339675548643,-1.5607326844463394,3.121465368892679,-4.750169837774322,-200.22845792239713,287.8960381983445
-7.520768648829673,-0.9263491028969171,1.8894671063574742,-3.593212553828638,-9.644649040898432,-1.321054964592402,2.642109929184804,-4.822324520449216,-214.62207224565776,277.3854018888869
-7.605662490455175,-0.7422969322847369,1.5120344378438886,-3.619440255119996,-9.764502609776054,-1.078713213008515,2.15742642601703,-4.882251304888027,-227.91301815048686,266.5029540707896
-7.671733599337193,-0.5631095524992459,1.1298360660299929,-3.666896144757512,-9.860160394651034,-0.8332522114814871,1.6665044229629742,-4.930080197325517,-241.2253996862696,254.5900700273077
-7.7185985403906745,-0.37796627148207596,0.7453132239004181,-3.6803938419565037,-9.93108155550937,-0.5860074952211717,1.1720149904423434,-4.965540777754685,-253.4430797598432,242.37098371756693
-7.746177767274198,-0.19405060295974302,0.35898308920529576,-3.6988222786347733,-9.97722231440913,-0.3372813695034726,0.6745627390069452,-4.988611157204565,-265.32332125348984,229.33697212230305
-7.754438187012433,-0.008969181724860026,-0.028696700627003136,-3.7054233103132956,-9.998466710105555,-0.08755490693132542,0.17510981386265084,-4.999233355052778,-276.45617536060377,215.78511679249158
-7.74325932593041,0.17671191972403166,-0.41721046477717033,-3.704359685639205,-9.994699752409238,0.16277043588343398,-0.32554087176686797,-4.997349876204619,-286.9473398260368,201.63549481930943
-7.712755810938101,0.3608935233523338,-0.8035625600134385,-3.680714340046708,-9.965936987724476,0.4123408652756819,-0.8246817305513638,-4.982968493862238,-296.5450495694233,187.1820258205688
-7.663066770931901,0.54436586383412,-1.1872646037053967,-3.6605025058194256,-9.912324865793684,0.6606466065469947,-1.3212932130939894,-4.956162432896842,-305.57431460757607,172.08180680267535
-7.594208551014751,0.7271279566366292,-1.5684745538092346,-3.63256457308357,-9.833967923820584,0.9073415665100837,-1.8146831330201674,-4.916983961910292,-313.8147486329141,156.5654200037356
-7.50607456345597,0.9093518244930403,-1.9470319937770548,-3.596839384873092,-9.730832899877564,1.1522685314912915,-2.304537062982583,-4.865416449938782,-321.2975240824795,140.5932593074478
-7.3995032041239135,1.084407705106853,-2.319414926762742,-3.5344185592060318,-9.603559645855826,1.3938832562744898,-2.7877665125489797,-4.801779822927913,-327.7998440395182,124.57866614514975
-7.274152532386949,1.2635433757569425,-2.6867796371959085,-3.4868060648167125,-9.452061816633245,1.6323700112523385,-3.264740022504677,-4.7260309083166225,-333.7411856524367,107.79274755558671
-7.131115876626688,1.431221529489466,-3.0462285176436033,-3.407305551702114,-9.277323343573643,1.8662309328418833,-3.7324618656837667,-4.638661671786822,-338.59051456726706,91.25673787209692
-6.969409696378695,1.6079322422493016,-3.399897981119229,-3.3486867620190237,-9.078771696481256,2.096181318682312,-4.192362637364624,-4.539385848240628,-342.87570205053015,73.82313168522587
-6.791206367920553,1.7627732920899146,-3.743252582545738,-3.244139978990407,-8.85819872241975,2.320146298949762,-4.640292597899524,-4.429099361209875,-345.9824907188433,57.067908141882825
-6.595320499380374,1.93286763467179,-4.078448186223353,-3.1692935705345695,-8.614928492991606,2.538848511660423,-5.077697023320846,-4.307464246495803,-348.5269839173558,39.25547981215715
-6.383817058858956,2.0786022870591303,-4.402185672578896,-3.053495215540059,-8.35086070796136,2.7505965460344726,-5.501193092068945,-4.17543035398068,-349.95954907900017,22.219392230469193
-6.155045263674559,2.242115874382095,-4.716710411201873,-2.9638307717182446,-8.064889630287663,2.9562457294378675,-5.912491458875735,-4.0324448151438315,-350.713670731835,4.197592187414418
-5.911987162011717,2.3730567902182633,-5.0180496885502714,-2.8302186619389573,-7.759587737707985,3.1539181243657817,-6.307836248731563,-3.8797938688539926,-350.4239666400013,-12.82962889858932
-5.653626299314775,2.5222210424245333,-5.307405325722339,-2.7201101999716184,-7.4343949851981534,3.3440159690131765,-6.688031938026353,-3.7171974925990767,-349.37489199077237,-30.71768821164717
-5.381849266810924,2.64600658818179,-5.582830130155536,-2.5818263304086586,-7.091321934066248,3.5253777537815334,-7.050755507563067,-3.545660967033124,-347.39850217127366,-47.82179578567781
-5.096270394438566,2.778753072821226,-5.844664441592391,-2.453064194725832,-6.730270988120229,3.6980891155591133,-7.396178231118227,-3.3651354940601146,-344.57166419257686,-65.33757173252782
-4.797079269452453,2.8994157390138273,-6.09263095015871,-2.3119487339599125,-6.351803996975608,3.861819065673737,-7.723638131347474,-3.175901998487804,-340.8668879081204,-82.48720659848955
-4.485972033751691,3.0081412207407032,-6.325211107312613,-2.161250568057921,-5.9572612178135556,4.015938208648589,-8.031876417297179,-2.9786306089067778,-336.31938822467515,-99.37304879318887
-4.165682006452433,3.1017678606785495,-6.540600765151473,-2.001764985206965,-5.549328258214469,4.159475804791463,-8.318951609582927,-2.7746641291072347,-330.98885432511753,-115.82032111593607
-3.8324689217872465,3.221173419858923,-6.741220423668047,-1.857956085372984,-5.125798275427828,4.293197876863502,-8.586395753727004,-2.562899137713914,-324.6538313725895,-132.75236561847004
-3.4915758467280638,3.2857518410209043,-6.923969044924609,-1.6817428799483518,-4.690981457596873,4.415730204747634,-8.831460409495268,-2.3454907287984366,-317.78630184515754,-148.2145973760227
-3.140436176943048,3.386866515147914,-7.090106766961756,-1.5253266946059512,-4.243080504465568,4.5275895306615475,-9.055179061323095,-2.121540252232784,-309.8020970605788,-164.4361737513866
-2.7826940040322765,3.440846236281959,-7.23802308781229,-1.3467639868635912,-3.7856977739941096,4.627863771870777,-9.255727543741553,-1.8928488869970548,-301.36707544945614,-179.2861984658413
-2.4164036516855294,3.521829303451283,-7.368377541173772,-1.1791957019909916,-3.3174581185864325,4.716844062278956,-9.433688124557913,-1.6587290592932162,-291.8371857321527,-194.53516410040066
-2.0464862299554905,3.552927549453694,-7.47959484243974,-0.9950222064631938,-2.842857925453976,4.793697915380243,-9.587395830760485,-1.421428962726988,-282.00877350995233,-208.3935616452746
-1.669904501315893,3.6208813821869823,-7.572539676567251,-0.8219652032057932,-2.359973299021491,4.858768517533677,-9.717537035067354,-1.1799866495107454,-270.98344184764676,-222.67258458179944
-1.2897733573147037,3.642944955447702,-7.6464873891609635,-0.6372150642411815,-1.8719308163745454,4.9116156969653915,-9.823231393930783,-0.9359654081872727,-259.72313824067635,-235.61828094486873
-0.9054321317669451,3.6821548052233806,-7.701444242344558,-0.45591833772648804,-1.3782216682971795,4.9522849532573385,-9.904569906514677,-0.6891108341485898,-247.44867596533135,-248.54165412675906
-0.5197175445463347,3.688296888879958,-7.737066068036807,-0.2702422062904274,-0.8818076604934413,4.980522443727542,-9.961044887455085,-0.44090383024672064,-234.88916271488515,-260.38704807794977
-0.1316435495772964,3.7092007848562947,-7.753369214579653,-0.08586850822079262,-0.38219784872470747,4.996346785513147,-9.992693571026294,-0.19109892436235373,-221.38789020697232,-272.01353838535493
0.25574672337876503,3.6964189440201434,-7.750284442744955,0.09953117208352313,0.11752346811865434,4.999654693937407,-9.999309387874813,0.05876173405932717,-207.70935670626127,-282.54296376037166
0.6421374823925787,3.6914270641363993,-7.727859794747093,0.2841025946079865,0.6167061487600607,4.990482780405157,-9.980965560810313,0.30835307438003035,-193.24821561695984,-292.6534340455968
1.0281014440901883,3.6786987264103312,-7.686032255438501,0.46904304668154834,1.1150691158641248,4.968818291778388,-9.937636583556776,0.5575345579320624,-178.3037998658462,-302.0026712525104
1.411899002050902,3.6483164990752828,-7.624876204029419,0.6524051060856633,1.6111181923424656,4.934680794395499,-9.869361588790998,0.8055590961712328,-163.0075146150663,-310.5120965339842
1.7897797691516089,3.5971582880454047,-7.545135449550877,0.8304971628057456,2.1013900835988335,4.888357590146011,-9.776715180292022,1.0506950417994168,-147.52167082199807,-318.12571740735405
2.165059690472618,3.5722003904400026,-7.446103491754108,1.0147432148668,2.5877409834492426,4.82968934307832,-9.65937868615664,1.2938704917246213,-131.05570794737744,-325.3288108608719
2.534344980589237,3.5030012085635636,-7.3286689851695,1.1876197411444986,3.0669588205283373,4.759037812236404,-9.518075624472807,1.5334794102641687,-114.94885852590599,-331.299633007401
2.898003051046821,3.4490491683789997,-7.1926113328118015,1.365046198792882,3.539322676421967,4.676355284625123,-9.352710569250245,1.7696613382109836,-98.00153755660149,-336.74557156916353
3.2534918208674335,3.36583881445211,-7.038969714992492,1.5310264693822466,4.002032731867702,4.582131982305277,-9.164263964610553,2.001016365933851,-81.28982737892483,-341.1249408498833
3.6016312546878937,3.2952512388363955,-6.867337485099535,1.7024387409069632,4.455461860526371,4.476294773844628,-8.952589547689255,2.2277309302631854,-63.88987708283288,-344.848404772126
3.9413818104536937,3.2042589777038457,-6.6781504607087765,1.8646264250630291,4.89822384774976,4.359111237894014,-8.718222475788028,2.44911192387488,-46.60992029154248,-347.5892201010314
4.268954921544871,3.093572172397179,-6.473671824151389,2.013498788482591,5.32703951696707,4.231508300377988,-8.463016600755976,2.663519758483535,-29.483493712045377,-349.4211190996471
4.586682619050663,3.003974696043057,-6.252545497291891,2.1754257388181304,5.743009814237777,4.093221172669777,-8.186442345339554,2.8715049071188883,-11.639583441660836,-350.53006032912805
4.894422547320643,2.893338382183887,-6.014706324017271,2.3248588726902577,6.145506643226351,3.944386774203969,-7.888773548407938,3.0727533216131757,5.8917247327808955,-350.660943329047
5.188620978405491,2.762074556076718,-5.762860521750228,2.456762259933229,6.531858440801001,3.7859881573156273,-7.571976314631255,3.2659292204005004,23.137146569296196,-349.9070357788358
5.469959861358902,2.6424242862067344,-5.496512133693544,2.5976759756235275,6.902053248963426,3.6180678873009486,-7.236135774601897,3.451026624481713,40.80888289818605,-348.32704634616726
5.738367069181354,2.511069714754666,-5.215674408084137,2.7287842014490145,7.255471250670508,3.4408624257115292,-6.8817248514230585,3.627735625335254,58.19748005734616,-345.84414494427904
5.991711702969407,2.365708123311677,-4.9225678717362396,2.844144484138419,7.590288949063325,3.2552846906886335,-6.510569381377267,3.7951444745316625,75.24183450518619,-342.5145449687824
6.229528828132242,2.220925327269904,-4.617917946369132,2.958380318686009,7.905632813929816,3.0619017706041833,-6.123803541208367,3.952816406964908,92.2644561247925,-338.33637435755315
6.453101701011174,2.078967784435719,-4.299934966674067,3.0784711177391735,8.202188209234084,2.860249490005258,-5.720498980010516,4.101094104617042,109.34331083152674,-333.24841116350166
6.659885195221748,1.9132776175442734,-3.97218680688965,3.164116271321865,8.477726813956878,2.6517988266418584,-5.303597653283717,4.238863406978439,125.5051742940056,-327.44168579213965
6.8501079024407066,1.7573032954257153,-3.634298696004615,3.2637693590455936,8.732293403034229,2.4365473483663775,-4.873094696732755,4.366146701517114,141.94902051732942,-320.7007149695795
7.022937368439749,1.5888705423334835,-3.2879465543405715,3.340825996886273,8.964705672471972,2.2155164299745596,-4.431032859949119,4.482352836235986,157.6176323806866,-313.2658896794111
7.178662845061814,1.424083140407773,-2.932379372241327,3.425838447050717,9.175099722283322,1.9885638716267375,-3.977127743253475,4.587549861141661,173.2914612154114,-304.9139187093072
7.316122362914914,1.2469723019078707,-2.5703389469849256,3.4816721591795963,9.362245341649771,1.7570118214426707,-3.5140236428853413,4.681122670824886,188.0721118218211,-295.9786846744525
7.435379769845797,1.0738060955256026,-2.201644241988261,3.5465776272838667,9.526127121518543,1.5209291621134802,-3.0418583242269603,4.763063560759272,202.78678767888152,-286.13537720809853
7.536173002569975,0.894857728340086,-1.827091321427108,3.5947744588406563,9.66625625960588,1.2809654487563416,-2.561930897512683,4.83312812980294,216.78920996550156,-275.66468055608294
7.618201601769357,0.7143059038554332,-1.4474657096013173,3.6374708677432044,9.782341992354546,1.0375192943527503,-2.0750385887055005,4.891170996177273,230.35589921332704,-264.4422258028146
7.6809713112997615,0.530236263110694,-1.0653538996128122,3.659643384904147,9.873784085913606,0.7918945360272457,-1.5837890720544914,4.936892042956803,243.14165918747534,-252.7024844252318
7.724658384955915,0.347859889931977,-0.6794971824480114,3.693506270937692,9.940669319432896,0.5438505037428734,-1.0877010074857467,4.970334659716448,255.6775532812535,-240.06799949613855
7.748967279966283,0.16209291175816834,-0.2929433807074376,3.6941185349590153,9.982592268767107,0.29489472509320686,-0.5897894501864137,4.991296134383553,267.14859060525345,-227.16825054904263
7.753906198870686,-0.022637726559230797,0.09498392440787834,3.7080799175403416,9.999596941643162,0.04489154898393899,-0.08978309796787798,4.999798470821581,278.34644203699077,-213.3634584672064
7.739474901503374,-0.2077956016193131,0.4824468015465458,3.69631270110028,9.99158510453014,-0.20507748470482684,0.4101549694096537,4.99579255226507,288.5569359097165,-199.29210450947429
7.705736349870051,-0.3921343851485347,0.8682223979332766,3.681628429142304,9.958621816676711,-0.45438186374750505,0.9087637274950101,4.9793109083383555,298.17287621719544,-184.6084732073396
7.652701289204738,-0.5760991336992642,1.2523096588603777,3.6609948900314815,9.900763141977297,-0.702653756565751,1.405307513131502,4.9503815709886485,307.06178983052064,-169.4297780170227
7.580646829817197,-0.7572980626394283,1.6327907889130802,3.6228277761567784,9.818239061618524,-0.9489707225341868,1.8979414450683736,4.909119530809262,315.0808709895488,-153.96830027407458
7.489515668123794,-0.9388479883744583,2.009788940040159,3.586372227411534,9.711099733213885,-1.193161972614491,2.386323945228982,4.8555498666069425,322.4515169680151,-137.91811911801665
7.3796395094032565,-1.1161519099827064,2.3818294786677567,3.5319024234495466,9.579659759586004,-1.434409189402436,2.868818378804872,4.789829879793002,328.90299560169393,-121.69310075386463
7.251487267243832,-1.2902894624969659,2.7473893717940068,3.469205870025359,9.42438480990856,-1.67189794505861,3.34379589011722,4.71219240495428,334.55964971671426,-105.13908867538369
7.104915852035006,-1.4646653734440755,3.1068106862993092,3.406409428654195,9.24533690971425,-1.9055016023264932,3.8110032046529865,4.622668454857125,339.44919118979453,-88.15802002825265
6.94114520547796,-1.628027106497215,3.457283008663042,3.3186991767981686,9.043605135851875,-2.1338466525733284,4.267693305146657,4.5218025679259375,343.34607731999824,-71.32041236609817
6.759446261014431,-1.7985152558100848,3.800251171520803,3.2456729890361626,8.818855699972648,-2.3573175508965667,4.714635101793133,4.409427849986324,346.5741982701145,-53.779556691252594
6.561061283871939,-1.9535445658834782,4.133368442794959,3.1432136946095395,8.572226908845744,-2.5747293946772802,5.1494587893545605,4.286113454422872,348.76588384450315,-36.61503333355552
6.345783263498907,-2.113095741913263,4.45680801197828,3.048487284262527,8.30372269380815,-2.786045110202611,5.572090220405222,4.151861346904075,350.2033095652334,-18.920270097121442
6.115936628889903,-2.2522081073347455,4.767358295012228,2.925390425704807,8.015440151936254,-2.9896788778532772,5.9793577557065545,4.007720075968127,350.65851627264385,-1.7659766540124835
5.8697721093763295,-2.408583311896401,5.067320455899487,2.8251062323168696,7.70641809932807,-3.1863427341683104,6.372685468336621,3.853209049664035,350.35738104628933,16.195965174230487
5.6085989703467165,-2.542113376328768,5.354981922780765,2.6954079064734207,7.377905269050204,-3.3751486575009277,6.7502973150018555,3.688952634525102,349.08792600151776,33.4922782644757
5.33433960691688,-2.668916668107268,5.628241877111208,2.5604389628445863,7.031474490122386,-3.5552203340566018,7.1104406681132035,3.515737245061193,346.98248668289057,50.811409588517144
5.046822193627201,-2.796719509132295,5.887420807389278,2.427148398470002,6.667649248471999,-3.7263404802617934,7.452680960523587,3.3338246242359997,344.01133406226455,68.17477388894976
4.745498232966504,-2.921017075620372,6.132886844019035,2.289201840369814,6.2863234674194715,-3.8885131240286186,7.777026248057237,3.1431617337097357,340.15305571161105,85.42569985421807
4.433599419524762,-3.0191563596557796,6.362039435855735,2.1312083709099334,5.890198303703627,-4.0405929002761125,8.081185800552225,2.9450991518518137,335.5062729336822,102.00275710950802
4.109853382486468,-3.1335756035670106,6.575800036194553,1.9853950010585204,5.478699217020614,-4.1828176773981465,8.365635354796293,2.739349608510307,329.93002172694503,118.9578597152436
3.776287163454938,-3.2204732655645185,6.772880794278989,1.8213576719887097,5.054001309022396,-4.314425534425178,8.628851068850356,2.527000654511198,323.62855127614563,135.06324661704147
3.4326229105783277,-3.3152250038339863,6.953358232069225,1.6620435827400735,4.616050506379823,-4.435427761855405,8.87085552371081,2.3080252531899115,316.41223569303287,151.27125882946737
3.0816691461072083,-3.382415588269048,7.115871759955802,1.4891447847889103,4.1676165413919914,-4.545078997220947,9.090157994441894,2.0838082706959957,308.55729697134853,166.62457672091452
2.7220293037250385,-3.4653613732942765,7.2610319137265,1.3234747774330289,3.7080335411281418,-4.643557021774059,9.287114043548119,1.8540167705640709,299.73310542424235,182.1114458056607
2.3556342040045584,-3.5203630100609966,7.388045093311167,1.1461545254249692,3.2393109792046193,-4.730403375506269,9.460806751012537,1.6196554896023097,290.33315372409186,196.69344200801132
1.9824031262123114,-3.580825264621252,7.496811315131734,0.9705707562035613,2.761534237509984,-4.805567829483321,9.611135658966642,1.380767118754992,280.03762669320145,211.13847344101933
1.6061662251947901,-3.6083050904578546,7.586344211148703,0.7866849135942826,2.2783467672461204,-4.86849915292637,9.73699830585274,1.1391733836230602,269.32013692539505,224.57212007083044
1.2248041101093294,-3.659763135629966,7.657145179120276,0.6085447393751878,1.7886111990879696,-4.919371656484624,9.838743312969248,0.8943055995439848,257.55433822585024,238.06166722111934
0.8406987710286152,-3.6759829036253824,7.7087923846210025,0.42354547098171363,1.294865201167739,-4.9579059115418085,9.915811823083617,0.6474326005838695,245.48247557302705,250.43239690976372
0.45372363759223605,-3.7013188230145215,7.741203245917252,0.23980973463677818,0.7970644927826455,-4.984091898087985,9.96818379617597,0.39853224639132273,232.5177818413912,262.5560829384403
0.06709484859297882,-3.6951812464680613,7.754213476200542,0.05429617482691526,0.2985119365431864,-4.997771769092233,9.995543538184466,0.1492559682715932,219.30835899921587,273.63224062338884
-0.32106660528253944,-3.7092018082692713,7.747833629507637,-0.13078054689614885,-0.2018848982385499,-4.998980958351992,9.997961916703984,-0.10094244911927495,205.10924015543623,284.4964489021445
-0.7078470445963317,-3.686135296070497,7.7221264148554845,-0.3152975918610941,-0.701188764304155,-4.987693212217788,9.975386424435577,-0.3505943821520775,190.8399347420026,294.20369530763384
-1.0924730542037338,-3.668936436465333,7.677152533483916,-0.49929849246017804,-1.1986024933991106,-4.963953869215986,9.927907738431973,-0.5993012466995553,175.8253506485459,303.43952004840605
-1.4749426392738854,-3.642569290147635,7.612927671917446,-0.6825867841072049,-1.6933384840478103,-4.927793745136931,9.855587490273862,-0.8466692420239051,160.40641012779017,311.8700484055064
-1.853172573119545,-3.598544841032734,7.529806112066124,-0.8624754251856087,-2.1833770646258452,-4.879366367512944,9.758732735025887,-1.0916885323129226,144.72380946578318,319.4312066034239
-2.2273646947547947,-3.5570569374727268,7.427715073341485,-1.0429175796574475,-2.66844679300346,-4.818697741945161,9.637395483890321,-1.33422339650173,128.4591668166198,326.3351672808786
-2.5964965002926834,-3.4996912096704498,7.306872039133668,-1.219463693830885,-3.1472828930982204,-4.745909038077197,9.491818076154393,-1.5736414465491102,112.00077146433665,332.3345003284197
-2.9581433547484774,-3.427712620277127,7.1681009919260354,-1.3902517156038567,-3.617630100448454,-4.661350460336824,9.322700920673649,-1.808815050224227,95.36393306864647,337.467815116912
-3.313403384353494,-3.3638998759722427,7.01095089467082,-1.564478878507067,-4.079742722192837,-4.564967122573683,9.129934245147366,-2.0398713610964183,78.14729766270752,341.90057347002045
-3.658251894834868,-3.2645598833018443,6.837367280606229,-1.721580972717351,-4.529863028410653,-4.457587378387503,8.915174756775006,-2.2649315142053266,61.37279818678554,345.2463748555616
-3.996411765836985,-3.1989272847648893,6.645340853546033,-1.8967368553311055,-4.97057100278631,-4.3385891689079035,8.677178337815807,-2.485285501393155,43.45854357946253,348.0456660611282
-4.322788021697482,-3.0765797547754348,6.437852967051407,-2.0391211449772917,-5.397267145194144,-4.209201449307453,8.418402898614906,-2.698633572597072,26.632182167020805,349.6368953884489
-4.639301421837225,-2.987776984012534,6.213603115530069,-2.202216838244648,-5.811456508109761,-4.068997826687448,8.137995653374896,-2.9057282540548806,8.641957322743892,350.6239190549265
-4.944126910891837,-2.865411315990782,5.973931953858234,-2.342189132110298,-6.210825488615924,-3.918725773448519,7.837451546897038,-3.105412744307962,-8.61347528859049,350.57611953376596
-5.236087586368765,-2.7451608331210795,5.719753931512911,-2.482504993126025,-6.594442752571403,-3.758767244159263,7.517534488318526,-3.2972213762857017,-26.162721305757266,349.7169739941378
-5.515867764391963,-2.6233871171122365,5.450438176542603,-2.622356663208443,-6.9622344007189865,-3.5891256647491856,7.178251329498371,-3.4811172003594932,-43.76321265464384,347.97268216031654
-5.781734521071197,-2.4845072367798933,5.167570964007332,-2.745813446170474,-7.312596184089404,-3.4104961900155044,6.820992380031009,-3.656298092044702,-60.97635457660853,345.3477890033494
-6.032364599412118,-2.341321652600934,4.872663120643869,-2.862862872456151,-7.6441301582451135,-3.223634366821381,6.447268733642762,-3.8220650791225568,-78.09412937529386,341.8794396871254
-6.268492911493301,-2.2011256940564747,4.56487396412453,-2.9838731353485075,-7.956940135698499,-3.0284940018477147,6.056988003695429,-3.9784700678492495,-95.27054274832685,337.52554446173684
-6.488953685474509,-2.0462869767874894,4.2456681693237,-3.086158385763438,-8.24980320822269,-2.8258072751692835,5.651614550338567,-4.124901604111345,-111.90093252631554,332.35873009087896
-6.693164820460117,-1.890256987805359,3.9158298870410735,-3.186033638577032,-8.522119266517475,-2.6159837158921535,5.231967431784307,-4.261059633258737,-128.43442266681194,326.3362427797843
-6.880124161990169,-1.7255551896414278,3.577172106227464,-3.2702877842744096,-8.772658172446462,-2.4000244055742592,4.8000488111485184,-4.386329086223231,-144.4365315017626,319.5556275323007
-7.050263165207982,-1.564297065073731,3.2289096826167105,-3.361002676646434,-9.001538204853501,-2.1778607592407506,4.355721518481501,-4.500769102426751,-160.40575697796365,311.88007229649753
-7.202933540808863,-1.393207528268919,2.8722677660218254,-3.4326194900185083,-9.208006566146379,-1.950167625987904,3.900335251975808,-4.604003283073189,-175.7129445614136,303.5000086613237
-7.33763033221369,-1.2200354690614215,2.5082568594624406,-3.4988695215122183,-9.391562888452698,-1.717450618812519,3.434901237625038,-4.695781444226349,-190.70360981338956,294.3180034190919
-7.453852595200972,-1.0425822498501,2.138295941930562,-3.55237495239952,-9.551551139910423,-1.4805295354767423,2.9610590709534845,-4.775775569955211,-205.12799428050485,284.44225702263253
-7.55139163700208,-0.8640611235906459,1.7631412637684734,-3.60122740260182,-9.687631062306277,-1.2399399582881585,2.479879916576317,-4.843815531153139,-219.1196398308494,273.81725055633757
-7.62996399467754,-0.6826080086562208,1.3841469112131106,-3.6368381355621913,-9.799367699514574,-0.9965431111736283,1.9930862223472565,-4.899683849757287,-232.46438398035403,262.5707236338645
-7.68966736016451,-0.5013240310033991,1.0005355663576276,-3.6758625100464903,-9.886791366433043,-0.7502260453731662,1.5004520907463323,-4.943395683216521,-245.45088887626713,250.51022515739393
-7.73002768905539,-0.31580386365670216,0.6156094964876403,-3.683635143262962,-9.949366865638165,-0.5025184008922955,1.005036801784591,-4.9746834328190825,-257.4443910300886,238.107140296762
-7.75113364099692,-0.1319539846835991,0.22794398806002514,-3.7084939392564165,-9.987186140686568,-0.25303803630982524,0.5060760726196505,-4.993593070343284,-269.2558932618236,224.73753856390096
-7.75285189275523,0.053752061116854905,-0.1598719135547157,-3.700212010552121,-9.999998040223542,-0.003130316490308266,0.006260632980616532,-4.999999020111771,-279.982023683854,211.158900543979
-7.735232732636056,0.2382025015832487,-0.5462605199568973,-3.6914957180800245,-9.987844087304007,0.24646018324792274,-0.4929203664958455,-4.993922043652003,-290.18911441414656,196.91007076655035
-7.6982738850269,0.4228956772087876,-0.9320216476034453,-3.6819637943708057,-9.950752888187337,0.4956099671695921,-0.9912199343391842,-4.975376444093668,-299.7415251534593,182.07517341104023
-7.641880499527053,0.6073468065279134,-1.3167269762035525,-3.659679101130718,-9.888664145586576,0.7440298071634162,-1.4880596143268323,-4.944332072793288,-308.49850575305425,166.81020736884423
-7.566605268661986,0.7869917424962616,-1.6967112605513033,-3.6120149558210297,-9.801965399555023,0.9901356353962493,-1.9802712707924985,-4.900982699777511,-316.31605418708784,151.38216073847772
-7.472334208218743,0.9686006355980109,-2.0727615191829662,-3.5768079437413096,-9.690710351731122,1.2339097291588306,-2.467819458317661,-4.845355175865561,-323.6008815269592,135.2037542096612
-7.359434618120977,1.1450429874863148,-2.4435499414642208,-3.52027981197627,-9.55528572464221,1.4744926856760592,-2.9489853713521184,-4.777642862321105,-329.89830380959586,118.95886196809275
-7.228458049870772,1.3182308509305463,-2.807421733320641,-3.456078817514136,-9.396222441716517,1.711067198109333,-3.422134396218666,-4.698111220858259,-335.4095897156419,102.38330588827932
-7.07888903642423,1.4937518071235454,-3.165653500716167,-3.396309376331595,-9.21335260121742,1.9438450199051496,-3.887690039810299,-4.60667630060871,-340.18959167894985,85.29107035907406
-6.911548913860451,1.65911159869149,-3.5160663361153794,-3.311331068203532,-9.007353773391793,2.171841269577763,-4.343682539155526,-4.503676886695897,-343.9725385207733,68.31239730510546
-6.727295609218513,1.8207384772364712,-3.856909723780057,-3.2210410433327348,-8.779024059739664,2.3941980159602565,-4.788396031920513,-4.389512029869832,-346.9506425231308,51.0678906309022
-6.526386599119909,1.9799977315497277,-4.187894957817397,-3.1273825082009297,-8.528908896890005,2.610445988167085,-5.22089197633417,-4.264454448445003,-349.07909271136657,33.641769296121254
-6.308824037649635,2.136340422537821,-4.5089756558359175,-3.0281897404284703,-8.257280785842237,2.8203419129495892,-5.6406838258991785,-4.128640392921119,-350.33629180184045,16.08409655617858
-6.074406050562285,2.2897986936186094,-4.820133107208362,-2.922717362840262,-7.964112149787429,3.023777342398422,-6.047554684796844,-3.9820560748937144,-350.71367443917245,-1.609974901289723
-5.827053265532732,2.4154744516257143,-5.116441893180394,-2.78425182961021,-7.652592174433045,3.2186112304768235,-6.437222460953647,-3.8262960872165226,-350.1509059152267,-18.602473113218753
-5.563792876340414,2.5710569341329275,-5.401490923429049,-2.6813563187803306,-7.321035375287962,3.405966861031617,-6.811933722063234,-3.660517687643981,-348.81849956305524,-36.700474218867626
-5.287299229579442,2.6887244028008275,-5.672458865340924,-2.5367282770285464,-6.971898164585434,3.5844328694596257,-7.168865738919251,-3.485949082292717,-346.54431024470705,-53.616428074912136
-4.996783925059751,2.822973695334189,-5.929939315855742,-2.408656197112902,-6.604595239197112,3.754308249410763,-7.508616498821526,-3.302297619598556,-343.4153952927458,-71.21817874300882
-4.6943823824288575,2.9303858955115363,-6.172119753771287,-2.2570015478983843,-6.22128743629742,3.914574773681296,-7.829149547362592,-3.11064371814871,-339.4535057392984,-88.01201851106507
-4.3797587352829375,3.0468127470102893,-6.399203825813448,-2.1129124283452168,-5.821967416752275,4.065239703826665,-8.13047940765333,-2.9109837083761376,-334.59827309443153,-105.08701327871907
-4.0549193644863974,3.1406062828295576,-6.609833937152412,-1.9529779122911795,-5.408722300881104,4.205523839902451,-8.411047679804902,-2.704361150440552,-328.97323017918626,-121.46214370876028
-3.71942429586135,3.2418460786038445,-6.804261303860584,-1.7980179164491525,-4.981546765499042,4.335440918267311,-8.670881836534623,-2.490773382749521,-322.44509284803496,-137.9407268901195
-3.3745716693825134,3.3242238740387853,-6.981723819835347,-1.6318728043855,-4.541930469987983,4.454516461014448,-8.909032922028896,-2.2709652349939917,-315.17583244588894,-153.78346312349083
-3.0212597770824408,3.402642320023286,-7.141720156676941,-1.4640732827859027,-4.090839584820969,4.562483739457649,-9.124967478915298,-2.0454197924104847,-307.0805826139426,-169.38578970809522
-2.6606438671787056,3.4693901211344413,-7.283761895053756,-1.2913553736505239,-3.6297247903378143,4.658999300987475,-9.31799860197495,-1.8148623951689071,-298.24995594566656,-184.4786096605902
-2.292249404163408,3.5373380798948846,-7.407947765944108,-1.118544830952765,-3.1586009857813373,4.744028873558348,-9.488057747116695,-1.5793004928906687,-288.5704855348921,-199.31865721401635
-1.9201445778634545,3.5720910025484964,-7.513017979062469,-0.9358796729452538,-2.6811022454666817,4.8169412169278525,-9.633882433855705,-1.3405511227333409,-278.42551323473145,-213.17700715428876
-1.5422806582760946,3.630607677357924,-7.599564982330718,-0.7600833055608066,-2.196205092671325,4.877926895488608,-9.755853790977216,-1.0981025463356624,-267.23845048215173,-227.13483815041636
-1.1609928534573413,3.6545014874834467,-7.667094583371178,-0.5761086909728378,-1.7064164310613896,4.926665783362104,-9.853331566724208,-0.8532082155306948,-255.70076230373138,-239.9882862333924
-0.775294829597057,3.6915778569899236,-7.715630071992908,-0.3940276803927651,-1.2110408319214898,4.963199071753492,-9.926398143506985,-0.6055204159607449,-243.20123314224273,-252.70502425098508
-0.3894784625904844,3.6879454401658225,-7.744720198242866,-0.2077632506716611,-0.7140246728680589,4.9872379321257485,-9.974475864251497,-0.35701233643402946,-230.52775392181363,-264.2386484891014
-0.0021343307706642722,3.707192898945883,-7.754486001147303,-0.02375811128339736,-0.21473835253006116,4.998847053070154,-9.997694106140308,-0.10736917626503058,-216.8272934259533,-275.6596857047119
0.38592205124866374,3.7020597203274943,-7.744883725607502,0.16171360570616686,0.28543238933673887,4.997962793757011,-9.995925587514021,0.14271619466836943,-202.8321393078919,-286.0914184470034
0.7728387105433728,3.687424688822154,-7.715888220653141,0.3465794103569796,0.7849781849812009,4.984571427141546,-9.969142854283092,0.39248909249060043,-188.28554761369543,-295.86427833995594
1.1567789563567925,3.660023170456546,-7.667732775340549,0.5294858075479304,1.2817342549754693,4.9587588492389525,-9.917517698477905,0.6408671274877347,-173.35140525732587,-304.84207301037895
1.5391547103884182,3.6410755350858253,-7.600200302248029,0.7140187923997879,1.7762869278094893,4.920487901369465,-9.84097580273893,0.8881434639047446,-157.69217482269127,-313.2691169972221
1.917106537705062,3.5905924855748084,-7.51378627597288,0.8928853748329482,2.265892946383175,4.869951980141359,-9.739903960282717,1.1329464731915875,-142.0329742181928,-320.6302966280203
2.2907224832353585,3.548837199503479,-7.4084215302442376,1.0734700652643436,2.750402015069514,4.80716363242145,-9.6143272648429,1.375201007534757,-125.65572881065128,-327.42758909478084
2.657422502893753,3.4804301618646147,-7.28494408252881,1.2457946281216141,3.226970371857481,4.732511548299539,-9.465023096599078,1.6134851859287405,-109.3556053308056,-333.1892731011949
3.0183893559631203,3.4254332257346873,-7.1429246110591,1.4227205533942633,3.6961693837826144,4.645921111211103,-9.291842222422206,1.8480846918913072,-92.32228000307651,-338.34856394531016
3.370931148009898,3.3396497232546483,-6.983487738294061,1.587200638637047,4.155292263179801,4.547899136072558,-9.095798272145116,2.0776461315899004,-75.56114237586962,-342.4389377651948
3.7162298756490446,3.2681515666453347,-6.806001491919405,1.7583996830550883,4.605011411710061,4.438295559615766,-8.876591119231533,2.3025057058550304,-58.06645661365653,-345.8816744580884
4.051504841974863,3.1652304697698717,-6.611928831545183,1.9131953868446006,5.042612346408736,4.317755803766761,-8.635511607533521,2.521306173204368,-40.98445059015687,-348.2733382989674
4.377559330416177,3.075683455960662,-6.400705808058135,2.075770732606368,5.468498550603766,4.18615347311958,-8.37230694623916,2.734249275301883,-23.23873760444064,-349.949085057381
4.691593184465749,2.9564414011683953,-6.174244248001291,2.2184041897659372,5.8798069612201855,4.044374800225205,-8.08874960045041,2.9399034806100928,-6.031471037628055,-350.61994055599763
4.994530852491258,2.851662590969133,-5.931840061769272,2.3712363039980695,6.276990901164,3.8922803479035384,-7.784560695807077,3.138495450582,11.788839269213941,-350.51965135666046
5.284331273057377,2.7214181182357833,-5.675220621148885,2.5033557231502868,6.6578088946436855,3.730736546662181,-7.461473093324362,3.3289044473218428,29.024547210735797,-349.4741596499773
5.562135819050937,2.6039251850497513,-5.403207775807713,2.6474949967062997,7.023061419741538,3.5593752364192364,-7.118750472838473,3.511530709870769,46.8118644458867,-347.5894374246499
5.824521680783369,2.4536566708881815,-5.119313057083287,2.75806893461073,7.369493190649679,3.3797400089714014,-6.759480017942803,3.6847465953248393,63.64526143912853,-344.8329849562646
6.073196095438308,2.3256338213242014,-4.82164593074443,2.8924889206132165,7.698247004274817,3.191276902008575,-6.38255380401715,3.8491235021374086,81.24485374802232,-341.1896385583663
6.306570755592216,2.171618798216739,-4.512141018901805,2.996535208076211,8.00749212187864,2.9949987444927046,-5.989997488985409,4.00374606093932,97.9143966576031,-336.7346553314579
6.524114204923708,2.021182902197866,-4.19143017434261,3.104173759601531,8.296786472495345,2.7912064698718666,-5.582412939743733,4.1483932362476725,114.72796944304892,-331.40486491550826
6.725336589305491,1.8626441118920987,-3.860315501163018,3.1996810083877616,8.56527841737164,2.580504099633809,-5.161008199267618,4.28263920868582,131.09155801846595,-325.27077958100125
6.910450332534364,1.704418454088798,-3.5182021219702655,3.297180129543975,8.812994478406058,2.362791163200016,-4.725582326400032,4.406497239203029,147.38550347871507,-318.24652662082445
7.077182891854712,1.5286789359186659,-3.1695295964469894,3.35916004276549,9.037801337404384,2.139985221071138,-4.279970442142276,4.518900668702192,162.69718230139546,-310.62863841292966
7.226939189144683,1.3677456961235634,-2.8112813316474012,3.4526157980078933,9.240635725156809,1.9111940897614055,-3.822388179522811,4.620317862578404,178.49056192640646,-301.9219147499461
7.3583934478313004,1.1880541536614984,-2.4467050233282976,3.501900741905509,9.42005615350044,1.6779855530440724,-3.3559711060881448,4.71002807675022,193.00855810852028,-292.7780244852112
7.471531191757619,1.0141870081494044,-2.0756517719898446,3.565668347506813,9.57609893243056,1.4403410391555116,-2.880682078311023,4.78804946621528,207.61516802423705,-282.6566022753649
7.565802298627941,0.8327067910369003,-1.7002668852751808,3.6031069506176387,9.707978322766618,1.1994954027312337,-2.3989908054624673,4.853989161383309,221.29404238968786,-272.0395120248064
7.641391413816068,0.6538111076797817,-1.3195396300176747,3.6518860459403113,9.815817554940905,0.955212767936282,-1.910425535872564,4.907908777470452,234.82905064534864,-260.4971272279181
7.6977684261430435,0.46887127824020736,-0.936293893971302,3.6688693295033765,9.898983758499782,0.7088936007888551,-1.4177872015777102,4.949491879249891,247.34658517849041,-248.58612101054578
7.734943374931743,0.28571848868500793,-0.5502301821114646,3.695973984998501,9.957488531695104,0.4605491670713586,-0.9210983341427172,4.978744265847552,259.6183492812873,-235.78878276169291
7.752780057044422,0.10040194711145062,-0.16321397275830563,3.6991835725174216,9.991068693659004,0.21127373155869988,-0.42254746311739977,4.995534346829502,270.95987775014527,-222.62424149386425
7.751207021624461,-0.08499849567816886,0.22551299837709865,3.710127057830179,9.999694258026203,-0.03909842067708627,0.07819684135417254,4.9998471290131015,281.9193457605377,-208.62684446657676
7.7303371059,-0.2692018524227421,0.6117775412157054,3.6837686623942245,9.983323484761758,-0.28864000008848417,0.5772800001769683,4.991661742380879,291.74540570915593,-194.55206728953812
7.689986662678767,-0.45507315016940464,0.9980453785538118,3.684773990376954,9.941922929258853,-0.5380911792338422,1.0761823584676844,4.9709614646294265,301.3783263465431,-179.3959351469674
7.630661014178155,-0.6357046124486576,1.3803516017816104,3.63943166555779,9.875822571486756,-0.7855139299389778,1.5710278598779557,4.937911285743378,309.71199313062533,-164.45235626595223
7.55202715540259,-0.820159523819907,1.7603684020026162,3.6192986495692723,9.784891958395967,-1.031490349266286,2.062980698532572,4.8924459791979835,317.75669674082167,-148.45441611741015
7.45477508929385,-0.9965189561346524,2.1350937382838007,3.5607337548980698,9.669698758090618,-1.2744534051683445,2.548906810336689,4.834849379045309,324.6097284382851,-132.66867970728833
7.33839983332516,-1.178139574049212,2.505973140521011,3.521150609544817,9.529972148522603,-1.5148952809009182,3.0297905618018364,4.7649860742613015,331.002602648093,-115.9587191437869
7.204265835095996,-1.3459813226975228,2.8689608269747104,3.440128651202801,9.366828373202157,-1.7508945018886077,3.5017890037772155,4.6834141866010786,336.2079132485651,-99.64653843413305
7.051902403841938,-1.5214562751523573,3.225326013216784,3.381243662228435,9.180109742380365,-1.9827748937948737,3.9655497875897474,4.5900548711901825,340.8939959458557,-82.42699840526944
6.8817896858930805,-1.6869934373215585,3.573955067460288,3.2975259478873054,8.970417560945169,-2.209728986905776,4.419457973811552,4.485208780472584,344.54093021547317,-65.40279705752052
6.694277969197095,-1.851066604433252,3.913923822303036,3.211084281943626,8.738086292086377,-2.4313498283901973,4.862699656780395,4.369043146043189,347.400118491943,-48.02199689978639
6.490824045143308,-2.003430174863695,4.242819216166756,3.105729916354963,8.484492813106264,-2.646383461648563,5.292766923297126,4.242246406553132,349.31898644792807,-30.81451728782263
6.270156596281479,-2.1661943855046153,4.562578430056802,3.0159715665034357,8.208969477062581,-2.855381766272896,5.710763532545792,4.104484738531291,350.4897730665779,-12.95328584537803
6.03492485094903,-2.301867134531386,4.869503255448836,2.8881803804104003,7.913820580994919,-3.0566093883509726,6.113218776701945,3.9569102904974596,350.6371619942044,4.12913644655076
5.7836449722376,-2.4558741238256014,5.1654070027705306,2.784254260678504,7.598127376177121,-3.2507099368979295,6.501419873795859,3.7990636880885607,350.0341969375656,22.084979117254303
5.518058829804224,-2.5842021433621274,5.448238111058247,2.6494425445843177,7.263624357345759,-3.436559369317421,6.873118738634842,3.6318121786728796,348.47513874097706,39.274326165947755
5.238671866737785,-2.716628433772894,5.717383920992726,2.519944989088171,6.910743935963721,-3.6139181732414976,7.227836346482995,3.4553719679818604,346.076409810479,56.785736765575145
4.947055091384036,-2.8328181480035273,5.971509155701509,2.375888550867551,6.541361441664327,-3.781884136561669,7.563768273123338,3.2706807208321633,342.8216851783029,73.82240037003538
4.642504903458011,-2.9559062787398283,6.2112164462188355,2.237748709539845,6.155280919262324,-3.9405747298130622,7.8811494596261245,3.077640459631162,338.68409361061816,91.06496969201636
4.32582903411517,-3.063057954195054,6.435787374410283,2.08623505313858,5.753492705198642,-4.089539145528075,8.17907829105615,2.876746352599321,333.7126437667944,107.82190993993078
3.9981383955962406,-3.1634834665679814,6.644326794898147,1.9301253684783566,5.336963737229491,-4.228380838675054,8.456761677350109,2.6684818686147453,327.8957574951812,124.39785187388463
3.6619990533784974,-3.2462559452692634,6.83535629100424,1.7644497719009051,4.908225479111015,-4.3562978159845045,8.712595631969009,2.4541127395555073,321.3310329758485,140.42220363509665
3.3159193243765555,-3.342156392197321,7.009758735950673,1.606170386721076,4.466752399635592,-4.473480831532356,8.946961663064712,2.233376199817796,313.83326588873575,156.56169357934428
2.9609866988510896,-3.4159379922326996,7.166918684702694,1.435862128468243,4.013834152313617,-4.579550616537632,9.159101233075264,2.0069170761568085,305.6435778619632,171.95991480927665
2.5987182898293497,-3.4824206466660197,7.3060840886522165,1.262730560680879,3.5507041556606227,-4.674197792107603,9.348395584215206,1.7753520778303113,296.6610603717893,187.03066929656114
2.2314446396279397,-3.532747949606749,7.426503448003234,1.0847794111340976,3.0798553027003144,-4.756955205654894,9.513910411309787,1.5399276513501572,287.03005474034546,201.46510179413423
1.8570766136565038,-3.597894437899056,7.528828647593135,0.9110574111909189,2.600260773222484,-4.8280079720118625,9.656015944023725,1.300130386611242,276.4462932685926,215.83666997523406
1.4788603486561525,-3.6259422594609445,7.612178719008427,0.7272790875502464,2.1148861447690397,-4.88690230602843,9.77380461205686,1.0574430723845198,265.47971876977175,229.11506170299958
1.0956836379699881,-3.670779847221207,7.676686974619276,0.5470907005281928,1.623057036873654,-4.933702612010956,9.867405224021912,0.811528518436827,253.51359756522712,242.35671300321118
0.7107858218290538,-3.679964753625198,7.7218594306813175,0.3612713338570645,1.1279437566105552,-4.9680917584602655,9.936183516920531,0.5639718783052776,241.26307212555432,254.4894229091144
0.32230556431020024,-3.709800782703204,7.747783860244741,0.17744213266558917,0.6284488041607383,-4.99011653422415,9.9802330684483,0.31422440208036917,227.97421880438196,266.5316669026721
-0.06298894798292753,-3.6823185816990907,7.754263418478765,-0.008088513613720955,0.13047527578039658,-4.9995743869456035,9.999148773891207,0.06523763789019829,214.8499110127992,277.0994164474077
-0.45058897153804645,-3.7119674516705317,7.741368667054395,-0.19295825306236877,-0.3695615412385994,-4.996584440075974,9.993168880151948,-0.1847807706192997,200.20658769510314,288.0013645984788
-0.837617909116976,-3.68430181922182,7.709126370820965,-0.37751938505876026,-0.8687323779166289,-4.981096868551126,9.962193737102252,-0.43436618895831447,185.83769477801238,297.3926916849608
-1.221501656334408,-3.6581460522346974,7.657687067580784,-0.5607435444935299,-1.3653665205501309,-4.95317509948318,9.90635019896636,-0.6826832602750654,170.73534371682317,306.32181979374786
-1.6025346926025525,-3.628878494725135,7.587095880911542,-0.7433389708452942,-1.858606868034879,-4.912880532592197,9.825761065184395,-0.9293034340174395,155.16330812642136,314.50950644825275
-1.9802607688327933,-3.5900931651337937,7.4973792376578405,-0.9246884689757047,-2.347769101651577,-4.860246399240736,9.720492798481471,-1.1738845508257885,139.20304674698056,321.89540935262
-2.35222154301293,-3.5325492595967978,7.389134761162215,-1.1009426621131508,-2.830514925168415,-4.795523570435215,9.59104714087043,-1.4152574625842076,123.0652686740445,328.38168909961684
-2.7186841341700823,-3.478936485617581,7.262291127486705,-1.2781047229661464,-3.306434266425358,-4.718778773205209,9.437557546410417,-1.653217133212679,106.3731583081201,334.18634520194763
-3.077776863453159,-3.404645973002474,7.117550793311301,-1.4477564698199608,-3.773532517588613,-4.630346972385043,9.260693944770086,-1.8867662587943066,89.6856592293918,339.0225302026748
-3.4300549183627638,-3.336519289407418,6.954623824942976,-1.620140785794232,-4.231952807382192,-4.530192474831781,9.060384949663561,-2.115976403691096,72.43831859855558,343.152149721035
-3.773303407802045,-3.2437680970225125,6.774543513559422,-1.780939033122143,-4.679392921932331,-4.418803058582991,8.837606117165983,-2.3396964609661657,55.37853806008295,346.28360975323983
-4.107523375448291,-3.156413328362546,6.577261760239886,-1.9443495315840271,-5.115607406528296,-4.2962355865999955,8.592471173199991,-2.557803703264148,37.83714259247463,348.66229070039094
-4.430973309996465,-3.0494605392733622,6.363861403514829,-2.09581766741574,-5.538573044508274,-4.163058029581331,8.326116059162661,-2.769286522254137,20.515357734630424,350.0846264194264
-4.743699000843031,-2.9460204333735067,6.134284105929376,-2.2494385416901554,-5.948022826159002,-4.019360162373219,8.038720324746437,-2.974011413079501,2.8433733813837065,350.69667770208247
-5.043988962474092,-2.824241487859756,5.889858426444842,-2.3890692728311578,-6.342049704048746,-3.865824800458992,7.731649600917984,-3.171024852024373,-14.515336392493104,350.3827199355735
-5.331959874580718,-2.706443711180909,5.630480339927115,-2.531706530145963,-6.720476892615734,-3.702539342661262,7.405078685322524,-3.360238446307867,-32.1528159600053,349.23056208911765
-5.606579004597352,-2.574212752624784,5.3570943628804955,-2.6614157004263514,-7.081986342729226,-3.530066197729042,7.060132395458084,-3.540993171364613,-49.4686406348129,347.18553570266334
-5.868620507147548,-2.446587504442399,5.068659310396157,-2.7973112014277874,-7.427083040410372,-3.3480754737180223,6.6961509474360446,-3.713541520205186,-67.07546519192972,344.2551855313629
-6.11319281980816,-2.2822732725158077,4.770897797306269,-2.8889926948987568,-7.751410813747523,-3.1589408983280287,6.317881796656057,-3.8757054068737613,-83.47908504942262,340.5478978596924
-6.344564004898759,-2.1593628907600717,4.458503859891988,-3.0323093101831797,-8.058009609947133,-2.9609323331511495,5.921864666302299,-4.0290048049735665,-101.27181248187829,335.82979072208866
-6.5591964024223355,-1.9883714522021192,4.136348497504162,-3.1113942918544297,-8.343516530185466,-2.7561627269866467,5.512325453973293,-4.171758265092733,-117.21424566315292,330.4779055303066
-6.75773148101282,-1.8393429444304177,3.803299875764385,-3.2216548582139106,-8.608649349965077,-2.5441676619940883,5.088335323988177,-4.304324674982539,-134.01477819529507,324.11004831570193
-6.939428407437034,-1.672428241077498,3.4607157631757217,-3.302933334600847,-8.852166949560331,-2.325894467571119,4.651788935142238,-4.426083474780166,-149.84319224109623,317.0623564248203
-7.1036593759529,-1.5057791568159422,3.1096948468777827,-3.383370854036173,-9.073554299033646,-2.1018213757648416,4.203642751529683,-4.536777149516823,-165.5524423863905,309.1624464217307
-7.250314404999554,-1.3356318455105618,2.750470222405566,-3.456700642031079,-9.272396610088347,-1.8723421899603543,3.7446843799207086,-4.636198305044173,-180.8392493593228,300.482427884493
-7.378916505461113,-1.1609239529290647,2.384066000344995,-3.5192309248437534,-9.448155964240788,-1.6380131925125951,3.2760263850251903,-4.724077982120394,-195.64099076805383,291.05868293141185
-7.488682335258324,-0.9814858124143873,2.0129397171151107,-3.5651218592611436,-9.599980373692485,-1.4000336446599304,2.800067289319861,-4.799990186846243,-209.80909835553305,280.9929362313287
-7.579842126257709,-0.8041064281881194,1.6364877474892239,-3.6170737888197424,-9.727867337732976,-1.1585116593573794,2.317023318714759,-4.863933668866488,-223.72279359700346,270.0815449432271
-7.652187073709788,-0.6222605252921954,1.255458569976827,-3.6526556074332994,-9.83150369791368,-0.9139933038471386,1.8279866076942772,-4.91575184895684,-236.90888163585188,258.580851737912
-7.705419974517824,-0.43877768664996364,0.8710162458651773,-3.6794619919243496,-9.910615602198764,-0.6670266833970023,1.3340533667940047,-4.955307801099382,-249.5518791069489,246.4027620073346
-7.739374584779191,-0.25407412003428465,0.48399822481409216,-3.6979206893405734,-9.964969184441252,-0.4181474480181153,0.8362948960362306,-4.982484592220626,-261.59061667022485,233.58643820527786
-7.753885476579989,-0.06888134651175329,0.09813570787061499,-3.691386077515771,-9.99427756718747,-0.1691271045791408,0.3382542091582816,-4.997138783593735,-272.72134881834745,220.43038004994884
-7.749051938974869,0.11593770006658916,-0.29003569781917465,-3.712451239496642,-9.99868736099653,0.08101088977451078,-0.16202177954902156,-4.999343680498265,-283.7189942708045,206.2013679108245
-7.7248559370441745,0.30089207781594896,-0.677392313899319,-3.689905579831992,-9.978081460989404,0.3308664223895872,-0.6617328447791744,-4.989040730494702,-293.46518646834596,191.97872093439514
-7.681012982321636,0.48743796250923804,-1.0649325054058805,-3.684487637176486,-9.932295973029001,0.5808391998117626,-1.1616783996235251,-4.966147986514501,-302.9314594564556,176.76063055764223
-7.618757912848437,0.6639478725904527,-1.444710379256563,-3.6174668045984806,-9.862132835763,0.8273959042932939,-1.6547918085865878,-4.9310664178815,-310.9195908837599,162.06164040593205
-7.53714227897726,0.8511101470806406,-1.8229857986545095,-3.6165097992780972,-9.767223176387423,1.072538043922031,-2.145076087844062,-4.883611588193712,-319.0718092758251,145.67457138012628
-7.4361894840773655,1.0306289898236354,-2.1988993205990917,-3.5663263835956296,-9.647613559108711,1.3156322257855484,-2.631264451571097,-4.8238067795543556,-325.84007196932697,129.69931295776058
-7.317492744667409,1.200715955861023,-2.5664613699558796,-3.490241804470588,-9.50440452865474,1.5545332543634482,-3.1090665087268965,-4.75220226432737,-331.7462826609775,113.59743999380844
-7.179908697321616,1.3815582042701073,-2.9293075549136742,-3.447083029032674,-9.337058721423688,1.7902049067554981,-3.5804098135109963,-4.668529360711844,-337.2187756385621,96.43033255621333
-7.0243052552514555,1.5481519451321377,-3.285023253118264,-3.3638330593989014,-9.146345800686237,2.021407832073307,-4.042815664146614,-4.573172900343119,-341.5072823771385,79.70305797362968
-6.851088943763804,1.7156593722262854,-3.6324597696156786,-3.284361681260991,-8.932595251024805,2.247706724717946,-4.495413449435892,-4.466297625512403,-345.10241800611254,62.422473410611246
-6.661494967330586,1.8725510715130131,-3.9694833010246793,-3.1860818219343714,-8.697071604403849,2.4678404277764936,-4.935680855552987,-4.3485358022019245,-347.7378498264961,45.30006255399896
-6.4547614009361896,2.0364238405969344,-4.297451397561407,-3.0998275122397936,-8.43950812771088,2.6821028392989508,-5.3642056785979015,-4.21975406385544,-349.63048233986603,27.60454411280707
-6.231974008619487,2.1849625791774967,-4.614619223414734,-2.988671966887523,-8.16099701445914,2.8895556635055932,-5.7791113270111865,-4.08049850722957,-350.537045917802,10.275822719701129
-5.993326576017726,2.3347144616681677,-4.920584970541706,-2.8795483219143003,-7.861801667831127,3.0899868339399,-6.1799736678798,-3.9309008339155636,-350.6291953138997,-7.383967905360061
-5.740130052746106,2.4710453502041623,-5.213746858656372,-2.7539788017534628,-7.543295436653278,3.2824797773697645,-6.564959554739529,-3.771647718326639,-349.8106071961576,-24.74655839713927
-5.472348962421267,2.609509872653173,-5.494134913223679,-2.631202532665992,-7.2057425091231835,3.466888911265226,-6.933777822530452,-3.6028712545615917,-348.14245778198284,-42.32939202192845
-5.191136264897985,2.7344910252554877,-5.7605831793663445,-2.4945190604672574,-6.850405871310041,3.642524515988908,-7.285049031977816,-3.4252029356550207,-345.59408544725983,-59.56286906077828
-4.896922178088476,2.8574943674232625,-6.012678616436098,-2.3564117790561623,-6.477948649324331,3.8090740770138964,-7.618148154027793,-3.2389743246621654,-342.18460865489953,-76.81301350813696
-4.589708143045074,2.975267363734491,-6.250335498159107,-2.2130960911449753,-6.08872252713076,3.966341449863161,-7.932682899726322,-3.04436126356538,-337.9029515826658,-93.90285964951731
-4.270783725997857,3.0803257173829026,-6.472450920220713,-2.059784263838576,-5.683922850760336,4.113788431197103,-8.227576862394207,-2.841961425380168,-332.7844471338336,-110.6484018722456
-3.9430558405043366,3.168598398005603,-6.677175821098662,-1.8969512650268192,-5.266243736113,4.2504904691062,-8.5009809382124,-2.6331218680565,-326.89795569515474,-126.91314361687142
-3.603602537519192,3.2792970133579837,-6.8662930065342325,-1.747090991616272,-4.83403941305169,4.376987061697317,-8.753974123394634,-2.417019706525845,-320.0191159052843,-143.5432351632493
-3.2572302275417484,3.3397963558591726,-7.037248955680438,-1.57020126671034,-4.391607837603993,4.492042425241974,-8.984084850483947,-2.1958039188019964,-312.6303704095743,-158.8049227869179
-2.9010175531808216,3.436408071977452,-7.191384451662814,-1.4110468286380142,-3.9368409112922715,4.596228987963269,-9.192457975926539,-1.9684204556461358,-304.1111108668196,-174.73930924877635
-2.53796541927124,3.4883972194503263,-7.327415594990403,-1.2320648813098003,-3.472719090283122,4.688822403332823,-9.377644806665646,-1.736359545141561,-295.1449881082444,-189.3738630525268
-2.168927075423158,3.5488901717096617,-7.444992998104762,-1.0574125847110993,-2.999962167600178,4.7697019559131695,-9.539403911826339,-1.499981083800089,-285.26216531971244,-204.0004509856407
-1.7941041865049776,3.59846583553197,-7.54409317986168,-0.8790732353805761,-2.5195538773958663,4.838694252039993,-9.677388504079985,-1.2597769386979332,-274.70909918038706,-218.00286508619274
-1.4145672540511811,3.6379391788554654,-7.6243804024547615,-0.6980229805578348,-2.0326151632548193,4.895622422075323,-9.791244844150645,-1.0163075816274096,-263.4669127262052,-231.4617776957601
-1.0313396480780868,3.668258714234556,-7.685605476019232,-0.5151453600892304,-1.5403672862285311,4.940325612333588,-9.880651224667176,-0.7701836431142656,-251.55844958887306,-244.35170222403957
-0.6452693793840594,3.690447698289222,-7.7276011116771794,-0.33097955550790525,-1.0439318855332693,4.9726805200607584,-9.945361040121517,-0.5219659427666347,-239.00062896149697,-256.65123618374867
-0.2593993454182747,3.6911347694661916,-7.750164719640218,-0.14582887365561992,-0.5463214954803209,4.992532744599082,-9.985065489198163,-0.27316074774016047,-226.03204617221706,-268.10588501670316
0.12902723306127928,3.7132469887731965,-7.753407173417542,0.038792999223125124,-0.0459502111669188,4.999947214173709,-9.999894428347417,-0.0229751055834594,-212.06791927334217,-279.3561787080953
0.5159184400173307,3.6892729352375007,-7.737323507311582,0.22358859386651836,0.4534406257123325,4.994857145078165,-9.98971429015633,0.22672031285616626,-198.13312091608012,-289.3292269964028
0.902226952536543,3.686048018663013,-7.701821330690925,0.4088401845787967,0.9524240251320819,4.977270549115027,-9.954541098230054,0.47621201256604095,-183.19343626784476,-299.0703575831879
1.2858827027700923,3.6527992217426415,-7.647140453990026,0.5913884716362575,1.4485724996379368,4.94726282183625,-9.8945256436725,0.7242862498189684,-168.18019507984945,-307.72497853096445
1.6662637564934746,3.62209934499971,-7.573355938190942,0.7737563010549359,1.9411310107177893,4.904895778689639,-9.809791557379278,0.9705655053588946,-152.5169671007612,-315.800512786306
2.0428911925086517,3.5801867938633705,-7.48055789560064,0.954199590430395,2.429091634942453,4.850245195581678,-9.700490391163356,1.2145458174712265,-136.53240500433216,-323.03244584380786
2.4149909943059464,3.5299527546108616,-7.368851427665793,1.132882235846332,2.9115405046228453,4.783380914424978,-9.566761828849955,1.4557702523114227,-120.16134408405702,-329.4766713406992
2.77921722097294,3.456499372227509,-7.239357877853517,1.3031246539690031,3.3853211938992467,4.704774181991538,-9.409548363983076,1.6926605969496233,-103.78938632905435,-334.9584812736986
3.138305806849535,3.405580896614967,-7.091050550747316,1.4820483076199094,3.85200396236414,4.614164753070998,-9.228329506141996,1.92600198118207,-86.5245393785084,-339.89301779071354
3.48846297614425,3.311097197171145,-6.925530722401493,1.642789212111858,4.308067369048184,4.512221059072302,-9.024442118144604,2.154033684524092,-69.81254694597574,-343.6483193333335
3.8304594295018193,3.235760269715025,-6.7423772315403205,1.8120679487882254,4.753999228175731,4.398849035216614,-8.797698070433228,2.3769996140878655,-52.25921288216946,-346.80198835685104
4.16200922010968,3.131453748819081,-6.5429326277040625,1.9654243042570805,5.187191532253706,4.274723500055748,-8.549447000111495,2.593595766126853,-35.133815156091906,-348.91160486601825
4.4841290571655215,3.040076961282173,-6.326501411384725,2.126745868396137,5.6082119986218455,4.139684715606792,-8.279369431213585,2.8041059993109227,-17.372406635011906,-350.28944542030456
4.79489012648864,2.923246995062594,-6.09436402101764,2.2711994231785124,6.015049292705347,3.9943454409428867,-7.988690881885773,3.0075246463526737,-0.03543153349815853,-350.68586564158073
5.093265682343073,2.806305002209502,-5.847293806492119,2.4145031982237053,6.4066844867630435,3.839088234433723,-7.678176468867446,3.2033422433815217,17.52699755383991,-350.25712199253957
5.379018684155276,2.683421249690341,-5.585545215209261,2.5527875246940837,6.782309822239147,3.6742439179768125,-7.348487835953625,3.3911549111195733,35.02931345962629,-348.9454346317666
5.651228664121162,2.551524413470562,-5.309971754999649,2.682551444375477,7.140855163324355,3.50029239980119,-7.00058479960238,3.5704275816621776,52.37828810529127,-346.76007608282686
5.909909650368721,2.418053794758778,-5.020465115897713,2.81121732604803,7.482051329367897,3.317337332285642,-6.634674664571284,3.7410256646839484,69.76736620824563,-343.70010631829956
6.153796752249944,2.271715831810395,-4.718369134705025,2.9255524434994546,7.80460823477383,3.126023444477845,-6.25204688895569,3.902304117386915,86.78401559034947,-339.7857530206271
6.381394958550053,2.1184313034507745,-4.4056891192152055,3.0290908054757617,8.106971106115456,2.9273289653116,-5.8546579306232,4.053485553057728,103.5227492682275,-335.05096695455074
6.593960097216844,1.9727585479020526,-4.080649293607995,3.144202010382451,8.389755734449867,2.72084539786192,-5.44169079572384,4.194877867224934,120.4496982890961,-329.39345564433233
6.789801347582464,1.8072157049460869,-3.7457820998686504,3.2291747467282397,8.651315809748827,2.507724803481733,-5.015449606963466,4.325657904874413,136.51295588925558,-323.01892635242757
6.968436985359404,1.6446385507418002,-3.4019227868033957,3.3173505942961197,8.891176069151243,2.2883939841814964,-4.576787968362993,4.445588034575621,152.57273791931163,-315.7704476817311
7.129622375138437,1.4767738283052672,-3.049699647641202,3.395025690790304,9.108712839223186,2.0634528352115704,-4.126905670423141,4.554356419611593,168.136223703015,-307.76175844060054
7.273148296247488,1.306385598210901,-2.6895070754585273,3.4674134601200497,9.30358146895512,1.8332602004703875,-3.666520400940775,4.65179073447756,183.35590031290874,-298.95320368527456
7.398453628225628,1.1306102197536407,-2.322731217264819,3.5258497332136014,9.475158934525767,1.5985433342168518,-3.1970866684337036,4.737579467262884,198.0109946700274,-289.4429404444384
7.505412313083729,0.9540107037162242,-1.9495935402529527,3.5821401135826805,9.623208145813223,1.3595831146305497,-2.7191662292610994,4.811604072906611,212.31889164554872,-279.1338472984333
7.593350783997797,0.7718474520783857,-1.5726762305288835,3.6162495242365926,9.746973697967883,1.117643025648427,-2.235286051296854,4.873486848983942,225.83665774436255,-268.279215369653
7.662522800976746,0.5922073762276918,-1.1907123956484045,3.6621229011987246,9.846576956179822,0.8724852786764509,-1.7449705573529017,4.923288478089911,239.17917959954116,-256.50892548340613
7.712432544934254,0.40701157151499023,-0.8066449257413779,3.675809014539705,9.921439579337807,0.6255071289660169,-1.2510142579320338,4.960719789668904,251.48971178332152,-244.39256866960125
7.743112963257367,0.22352448589839347,-0.4198653346291128,3.701304599529847,9.971586536966837,0.3766503470666472,-0.7533006941332944,4.985793268483419,263.567534672,-231.3705789493127
7.754430565690552,0.03808329427284857,-0.03274157285590995,3.6989607751074365,9.996764982383574,0.1271710334446874,-0.2543420668893748,4.998382491191787,274.6469058163923,-218.0520061723838
7.746312089919713,-0.14743742114861635,0.3559391254557005,3.7090619882769205,9.996961594327782,-0.1232465836598687,0.2464931673197374,4.998480797163891,285.40623740074926,-203.83716587001152
7.718930943196969,-0.33126235370483503,0.7419487942482061,3.6792328853011704,9.972183881963476,-0.3726756714315596,0.7453513428631192,4.986091940981738,294.9841197820221,-189.60599781481017
7.672185526362238,-0.5163101916411819,1.1267732580857954,3.6722727465908664,9.922454895373805,-0.6214677886408114,1.2429355772816228,4.961227447686903,304.2979810038954,-174.37482009921376
7.606332371513149,-0.6979813478174028,1.508617550586008,3.63501870561446,9.847982892064714,-0.8685092051326724,1.7370184102653448,4.923991446032357,312.5156637820001,-159.10683940721594
7.521228629680627,-0.8808743635054249,1.887644496083082,3.6037189705751915,9.74872490089363,-1.1138180738675965,2.227636147735193,4.874362450446815,320.1847761960298,-143.11650939074332
7.417826432314618,-1.0553127781312384,2.260134389247722,3.5398775368985036,9.625437710337065,-1.3556316686715788,2.7112633373431576,4.812718855168533,326.7686766134775,-127.23729749750837
7.295409722637904,-1.2367536393294696,2.6284929549110525,3.5002909912900164,9.477792012855778,-1.5946362093787418,3.1892724187574837,4.738896006427889,332.904023714563,-110.38937811626622
7.155073568948967,-1.4049473970646082,2.989519028159916,3.4207481189523774,9.306701577175245,-1.8292967059367247,3.6585934118734493,4.653350788587622,337.8612712719359,-93.92560073852707
6.996772813080164,-1.5772157695785467,3.343243807499064,3.353419837988174,9.112260080809953,-2.0595336984180044,4.119067396836009,4.556130040404977,342.2091409941988,-76.74201966635357
6.820869888022684,-1.7421114379007416,3.688889642807072,3.268846615935849,8.895010226789324,-2.28466589818475,4.5693317963695,4.447505113394662,345.5940560944034,-59.602841004026
6.627803855932947,-1.9038833085296936,4.025467363054621,3.1784022921507655,8.65539066679162,-2.504207080355803,5.008414160711606,4.32769533339581,348.14946522686165,-42.21980776892572
6.418287874034149,-2.0590179759111167,4.35175819437697,3.077069562256497,8.394188887214856,-2.7174249265508066,5.434849853101613,4.197094443607428,349.8145027791168,-24.808139717660424
6.192609438133116,-2.211522352087049,4.667307778590505,2.9719628776000517,8.11190830473978,-2.923907644552654,5.847815289105308,4.05595415236989,350.62646048415473,-7.236015842663733
5.952285227651158,-2.351916334668545,4.970169712705703,2.8515173683585826,7.809990295461611,-3.1226611881853064,6.245322376370613,3.9049951477308054,350.5327914702483,10.11272440114028
5.69677117246693,-2.4975248368588048,5.261070861130685,2.737772505170213,7.488431496860553,-3.313736324635185,6.62747264927037,3.7442157484302765,349.6072783844315,27.794337763967505
5.425852364979925,-2.635289225698679,5.540053738730373,2.6130798927698597,7.147344938061929,-3.49697942288629,6.99395884577258,3.5736724690309645,347.7733386183354,45.314635952541906
5.14165780238565,-2.7562740930468297,5.804794864555034,2.4716264280313234,6.788383669581801,-3.671438653802999,7.342877307605998,3.3941918347909006,345.07222131358725,62.49469165563492
4.845921392270731,-2.8710906086176373,6.053871310427865,2.3268148378812277,6.41333565141052,-3.836310917481364,7.672621834962728,3.20666782570526,341.5340288427082,79.5666505585908
4.536462792591893,-2.998463626495071,6.2890768079175485,2.191262279865904,6.021144522617821,-3.992048929990382,7.984097859980764,3.0105722613089103,337.0785987047772,96.90326978188502
4.217107556453199,-3.087508506736493,6.507564512079141,2.027334546279361,5.615075683953331,-4.137358005523454,8.274716011046907,2.8075378419766657,331.89313662561943,113.18427840121304
3.8871273986483827,-3.1947970350642447,6.7098672848707475,1.8769583851979847,5.194860965462324,-4.272394514482361,8.544789028964722,2.597430482731162,325.7692725263372,129.89772971301815
3.546301377053332,-3.287580109574222,6.896074152790636,1.716311886172178,4.7610330481337115,-4.396946790517785,8.79389358103557,2.3805165240668558,318.8587482400393,146.0302821871524
3.1973967014135116,-3.361020498161364,7.064625557325907,1.5458477427447763,4.315745064629849,-4.510386472829216,9.020772945658432,2.1578725323149244,311.2178073433051,161.6201998754022
2.8404623277906134,-3.438532451113628,7.2155330944620975,1.377950428477374,3.8595660929082296,-4.61258467603775,9.2251693520755,1.9297830464541148,302.71001506680255,177.08675717400618
2.475791185409599,-3.5054505332281267,7.348645783721764,1.205018735941536,3.393292163483687,-4.703338396640205,9.40667679328041,1.6966460817418434,293.4624976131449,192.02368346484255
2.1056794658185836,-3.554667782145187,7.463134461776296,1.0262980084610687,2.919080461913108,-4.7822319385637595,9.564463877127519,1.459540230956554,283.5614784801421,206.3313708470987
1.7297647766681934,-3.6083124434123928,7.559102290031825,0.8490425437705744,2.437139493284995,-4.849235792634509,9.698471585269019,1.2185697466424974,272.8138400534903,220.38526363028663
1.3497773396403747,-3.6412527745594527,7.636120216282756,0.6665644025830952,1.9493468952771296,-4.904081123968929,9.808162247937858,0.9746734476385648,261.5207524968965,233.6448363579048
0.9670388741590091,-3.6689487908233036,7.693961497847574,0.48382087218401915,1.457122529203494,-4.946635066762243,9.893270133524487,0.728561264601747,249.52838065092286,246.41550305729695
0.581219943994117,-3.694191402759881,7.732676556672772,0.30046076011281175,0.9608801547692376,-4.976864206711156,9.953728413422311,0.4804400773846188,236.83875948962353,258.6559607699028
0.1927698090767217,-3.707948503324736,7.752093977229469,0.11511094257018384,0.46125042830375285,-4.99467836908418,9.98935673816836,0.23062521415187642,223.55961296138156,270.2183092557194
-0.1938302852076681,-3.6917726105955997,7.752085561205603,-0.0700954560259702,-0.03789388028875234,-4.999964101217044,9.999928202434088,-0.01894694014437617,210.0163433414218,280.81676596953946
-0.5808372095050179,-3.699770646943233,7.732700079973956,-0.25506156051686024,-0.5375365407172223,-4.992771136037425,9.98554227207485,-0.26876827035861117,195.4694340204576,291.1996954119456
-0.9669910174399088,-3.6788164403099994,7.693965128897548,-0.43948508048269186,-1.0360614464762934,-4.973092013001707,9.946184026003413,-0.5180307232381467,180.76552011445958,300.5176239781553
-1.3505883581581761,-3.651403991051631,7.635974509982505,-0.622826769561496,-1.5321261697739916,-4.940966236473734,9.881932472947469,-0.7660630848869958,165.50619302599202,309.18600780175154
-1.7298366680329842,-3.610360929694852,7.559095114313884,-0.803193080232018,-2.02359739276719,-4.896556279467894,9.793112558935787,-1.011798696383595,149.942792480575,317.01244817873214
-2.1058778260901967,-3.576168360310259,7.463064496264106,-0.9853658714421298,-2.510813838693746,-4.839829900611797,9.679659801223593,-1.255406919346873,133.72232773215927,324.2230582396563
-2.4758066463259905,-3.5118976468011214,7.3486505521284,-1.1595138567931007,-2.99102917140549,-4.77110428768334,9.54220857536668,-1.495514585702745,117.57538092324324,330.38023676388036
-2.840200359178837,-3.4585963567862636,7.215631777017069,-1.33688526509646,-3.464372351744152,-4.69036576954481,9.38073153908962,-1.732186175872076,100.71582218617996,335.940872697481
-3.1971348726999236,-3.380690054406066,7.064741420314478,-1.5051964080300086,-3.928676330517722,-4.59797516005768,9.19595032011536,-1.964338165258861,83.96278518632151,340.48562423693227
-3.546492331284207,-3.3066494169751897,6.8959781263486395,-1.6749795821223565,-4.383613115392414,-4.493994216022079,8.987988432044158,-2.191806557696207,66.70076037950554,344.3066385445191
-3.886820270423712,-3.2149322215719844,6.71005602061521,-1.836140605576385,-4.827437345443648,-4.378808304659385,8.75761660931877,-2.413718672721824,49.50183101509077,347.179613599752
-4.217185119910964,-3.1192884980571183,6.507499181190203,-1.9945352335247257,-5.259042481583389,-4.252718900212581,8.505437800425161,-2.6295212407916946,32.07031994218933,349.22654737084497
-4.537019673735096,-3.0163645858233004,6.288690288571454,-2.1482938553795217,-5.677460349832609,-4.116018828190615,8.23203765638123,-2.8387301749163045,14.571667541866685,350.3947096195502
-4.846309119527678,-2.909616850346269,6.053543982901461,-2.300092707852772,-6.082334394878711,-3.968791009516482,7.937582019032964,-3.0411671974393557,-3.0811201311079763,350.69707694582144
-5.142225173175545,-2.7809225628305905,5.804296525175519,-2.433896711958314,-6.471044748359355,-3.812006684960391,7.624013369920782,-3.2355223741796775,-20.329433249345747,350.0821046360683
-5.4261860165417355,-2.6668278072718707,5.539722768423821,-2.580146852053583,-6.8442911678223775,-3.6453970431925726,7.290794086385145,-3.4221455839111887,-38.132141081709605,348.64397625931656
-5.696250282925906,-2.5275780092395443,5.261652903110998,-2.703168916551001,-7.2000903416706805,-3.469823449103015,6.93964689820603,-3.6000451708353403,-55.26792611584903,346.2996857829807
-5.952091760931401,-2.3923245424618367,4.970386579828018,-2.8294733086407344,-7.537960910735682,-3.285542014197234,6.571084028394468,-3.768980455367841,-72.63166816937554,343.10061962441546
-6.192948926657529,-2.246077445016258,4.666859947085212,-2.943057959587012,-7.856823231700059,-3.0931508492885635,6.186301698577127,-3.9284116158500293,-89.60740155267978,339.05071238584924
-6.418533775109839,-2.0982472592353987,4.351385678198517,-3.0545782486002793,-8.156243301435735,-2.89290922808618,5.78581845617236,-4.0781216507178675,-106.51964266958929,334.1358947190786
-6.62835662681515,-1.943217585401194,4.0245552337056285,-3.1565715226502205,-8.435520536906164,-2.685237106450487,5.370474212900974,-4.217760268453082,-123.10889098341238,328.3845049609556
-6.821045381008146,-1.7791225555343797,3.688580234059642,-3.2428155471173747,-8.69330156274772,-2.471159036723863,4.942318073447726,-4.34665078137386,-139.22567563582734,321.86053240124716
-6.996482001633308,-1.616277666144946,3.3438611965560225,-3.3296325380922593,-8.929157985781371,-2.251118481164239,4.502236962328478,-4.464578992890686,-155.18379372329662,314.49326405508714
-7.15507946388671,-1.4517083393266201,2.9894594308333513,-3.4152372551955987,-9.143162061866706,-2.025005401871892,4.050010803743784,-4.571581030933353,-170.8631596529571,306.28137306965976
-7.295544793758,-1.275325226850049,2.6281728151494836,-3.4737713303755275,-9.334093751025751,-1.7940661809881773,3.5881323619763545,-4.667046875512876,-185.75069640462087,297.44588098527913
-7.417750607617453,-1.101563937779697,2.2603362132742966,-3.5372949062000036,-9.50175880406762,-1.5585714315779269,3.1171428631558538,-4.75087940203381,-200.49692439982073,287.7393241018447
-7.521455930583857,-0.9230380362516596,1.8867645617949584,-3.586622135555258,-9.64566106780283,-1.319206443763897,2.638412887527794,-4.822830533901415,-214.58747892831016,277.380030057478
-7.6064583403139965,-0.7431978050464376,1.5079549898202704,-3.631800007894341,-9.765575251563089,-1.0762829560643556,2.1525659121287113,-4.882787625781544,-228.25453562041668,266.2597259418042
-7.672178183571187,-0.5591333123643203,1.1269402327535898,-3.6530986580083353,-9.860825406282341,-0.8312824891119599,1.6625649782239198,-4.930412703141171,-241.07914015277666,254.6627179324766
-7.718948978578328,-0.3778011124261397,0.7414958209248501,-3.6930021499402876,-9.931643238589292,-0.5836228622542996,1.1672457245085992,-4.965821619294646,-253.78393694465302,242.08071125051436
-7.746362952204994,-0.19173362618124845,0.3552123995444506,-3.69234427305944,-9.977537997719864,-0.33493861529252056,0.6698772305850411,-4.988768998859932,-265.3002424793514,229.31835379620384
-7.754415989657759,-0.007104587939801926,-0.03293705329268909,-3.710136870740379,-9.998556948552732,-0.08493960582068771,0.16987921164137543,-4.999278474276366,-276.6545418317624,215.5612610994973
-7.7431376278048445,0.17772026818384012,-0.41969554314269564,-3.6915627347604265,-9.994573569046262,0.16469606319055527,-0.32939212638111054,-4.997286784523131,-286.8554244936591,201.70365183579494
-7.7124153084641955,0.36324414876593275,-0.8066426654068024,-3.6930465572433384,-9.965587649140833,0.41444625927003254,-0.8288925185400651,-4.982793824570416,-296.79948161751554,186.86050726782133
-7.66245849248237,0.5461902923236808,-1.1912169320252122,-3.6601233194813747,-9.911705331049298,0.6629663321860525,-1.325932664372105,-4.955852665524649,-305.616024549896,171.97939099050797
-7.593252302605376,0.7296440307756039,-1.5731048037045965,-3.6340801731538166,-9.832962358022318,0.910061984937865,-1.82012396987573,-4.916481179011159,-313.926418990377,156.35260720178206
-7.505319737611055,0.9080491976425628,-1.949991401853964,-3.584063556783293,-9.729819224255078,1.1544065427002197,-2.3088130854004394,-4.864909612127539,-321.2395220675958,140.64458406432365
-7.398627978186714,1.0877601816423086,-2.3221565466286407,-3.5412532536297414,-9.602379555172218,1.3959142952211077,-2.7918285904422153,-4.801189777586109,-327.94337887834394,124.28970816514368
-7.2731492937333355,1.2645806595981985,-2.6894983747722665,-3.4854813551631616,-9.45078245560657,1.6342208370351199,-3.2684416740702398,-4.725391227803285,-333.7554058709201,107.71340223090631
-7.129469714872223,1.4360099968652893,-3.050061500292369,-3.414261835318488,-9.27549244054181,1.86850474882001,-3.73700949764002,-4.637746220270905,-338.69382245616055,90.9525806195006
-6.968318322508354,1.6029552459845062,-3.4021743631991,-3.334406103991289,-9.077229596563999,2.097850259865,-4.19570051973,-4.5386147982819995,-342.79677418615347,73.97369469051289
-6.789520338450189,1.770508671141232,-3.7462685321843083,-3.255805197762442,-8.85614981788962,2.322100902366952,-4.644201804733904,-4.42807490894481,-346.10601849016075,56.625934339696784
-6.593690231083897,1.92984482336353,-4.081108338657387,-3.1610104993259016,-8.612908259775304,2.540561518084847,-5.081123036169694,-4.306454129887652,-348.4832478215562,39.320167740055524
-6.381516968586235,2.085013011299392,-4.4055012093949335,-3.059984318928117,-8.348175289367289,2.7526337087413837,-5.505267417482767,-4.174087644683644,-350.0136268185845,21.85474905654803
-6.153204774151991,2.2368830076043413,-4.719133850146046,-2.9539398949242357,-8.06245490797326,2.9579055451830225,-5.915811090366045,-4.03122745398663,-350.67623315892865,4.27984972000074
-5.910467416307819,2.3751923817651712,-5.019827608032853,-2.831051875285063,-7.7573461281404725,3.1552963826011666,-6.310592765202333,-3.8786730640702363,-350.43339798787474,-13.030475289701817
-5.651697184608442,2.5257855620422287,-5.3094523153015665,-2.7221667318845175,-7.431961686724406,3.345367897820079,-6.690735795640158,-3.715980843362203,-349.3663430583607,-30.897210629243155
-5.378664534649752,2.6522668998743506,-5.585894494163906,-2.5853594871931653,-7.087857818348794,3.5271189215446035,-7.054237843089207,-3.543928909174397,-347.3721991065812,-48.10357301126931
-5.09363139537465,2.771446120282929,-5.846985824537514,-2.443911633711176,-6.726946854481584,3.6996008574230115,-7.399201714846023,-3.363473427240792,-344.5484023810263,-65.27057245405783
-4.7944546776172405,2.9039729143759656,-6.094684822626046,-2.313683331548688,-6.348290388963833,3.863263165297875,-7.72652633059575,-3.1741451944819166,-340.8225357269631,-82.77158775317636
-4.48434803070814,3.002298404583756,-6.326370579105338,-2.155513217545697,-5.954620756313096,4.0169170905212015,-8.033834181042403,-2.977310378156548,-336.3112059403318,-99.31235239810012
-4.162235224780774,3.1175906080039257,-6.542770417249358,-2.0103570126116552,-5.5454130218062625,4.160781008944761,-8.321562017889523,-2.7727065109031312,-330.87036537387735,-116.31613444509799
-3.8298222204989596,3.207770404531217,-6.742751977573593,-1.8479729169883228,-5.122448328261697,4.294197338394247,-8.588394676788495,-2.5612241641308486,-324.6813781971792,-132.52671830842058
-3.488312318037832,3.295869835604805,-6.9255963323263545,-1.6853271270815515,-4.68692097436538,4.416808004092262,-8.833616008184524,-2.34346048718269,-317.6486353725108,-148.6135612971301
-3.1380216200990123,3.3775139893928134,-7.091190188071552,-1.5193642014382815,-4.23974100981097,4.528371566295302,-9.056743132590604,-2.119870504905485,-309.81877422941136,-164.3234177664822
-2.7791045064332915,3.453391148204124,-7.239384857913661,-1.35013446932808,-3.781370610330414,4.628748111188634,-9.257496222377268,-1.890685305165207,-301.1821303294314,-179.68086120692274
-2.4143071941153136,3.506979734967934,-7.369085195700696,-1.172564497564687,-3.3143367685456044,4.717392600384949,-9.434785200769898,-1.6571683842728022,-291.91477285552077,-194.32236765482688
-2.042144525249062,3.574208369205403,-7.480754446843211,-0.9994882398782511,-2.837943739296737,4.794425808493298,-9.588851616986595,-1.4189718696483684,-281.6926295352328,-208.93908225192303
-1.6659958991240522,3.6057531100606,-7.573426880578401,-0.8161340323380445,-2.3553388845791585,4.859330682789283,-9.718661365578566,-1.1776694422895793,-271.05651257593473,-222.48563243725332
-1.2858547363568933,3.648797105936587,-7.647137562448785,-0.6364628277721454,-1.8668724626162303,4.912096986225059,-9.824193972450118,-0.9334362313081151,-259.5090411505287,-235.9005775991223
-0.9024017476870948,3.675187376972443,-7.701807004626056,-0.45334904007875687,-1.3739220764806068,4.952583621902795,-9.90516724380559,-0.6869610382403034,-247.43362744277943,-248.52324674276832
-0.5163636756479467,3.6964544558721886,-7.737278855988428,-0.26941067639447475,-0.8772116637045329,4.9807253411792525,-9.961450682358505,-0.4386058318522664,-234.66823929556367,-260.62165355530004
-0.12939481453974616,3.700669103836022,-7.7534158713232335,-0.08428909452026334,-0.3787416145503202,4.996412582778963,-9.992825165557926,-0.1893708072751601,-221.42405994862065,-271.94553355763816
0.26009537990537956,3.713915360312685,-7.750120226216355,0.10150029404409752,0.12249461442177771,4.99962486266314,-9.99924972532628,0.061247307210888856,-207.32558880276764,-282.8892368986471
0.6454256901755189,3.6742885542095185,-7.727610677668043,0.28485227835286675,0.620879282933572,4.9903534172447115,-9.980706834489423,0.310439641466786,-193.39408609158633,-292.4850005630435
1.0312422634124583,3.68528042705984,-7.6855987371358765,0.47123498801232133,1.1193437348081858,4.968578005912398,-9.937156011824795,0.5596718674040929,-178.027194881112,-302.20680622751524
1.4146479525928257,3.6438514481167426,-7.624371506045264,0.6530897249741213,1.6148704675181342,4.934374159230777,-9.868748318461554,0.8074352337590671,-162.97712829431165,-310.5080065575519
1.792939688771256,3.6018577590265917,-7.544378513042284,0.833012945111346,2.1054054348925164,4.887925632482686,-9.775851264965372,1.0527027174462582,-147.30152141700722,-318.24638992804057
2.168393257334493,3.5697444135902163,-7.445138149433144,1.0157961489359542,2.5918105718145705,4.829143763645638,-9.658287527291275,1.2959052859072853,-130.9641219598804,-325.3546313783704
2.5380502363075745,3.5043944015605626,-7.327385531142316,1.1899710931074097,3.071454387917259,4.758312934826371,-9.516625869652742,1.5357271939586294,-114.74544329656585,-331.37812334474154
2.9008660595338034,3.4416807214809073,-7.191465677748649,1.363951945243256,3.543202774141763,4.675620656696663,-9.351241313393325,1.7716013870708816,-97.98186097870433,-336.7309395818423
3.256431404052156,3.369778612711643,-7.037601187886666,1.5343594087195438,4.0059503840377655,4.581276064608738,-9.162552129217476,2.0029751920188827,-81.03726819754228,-341.2055660190394
3.6042623434029495,3.2913878313665426,-6.865962006565021,1.7021589644447686,4.45897420449402,4.475420344606105,-8.95084068921221,2.22948710224701,-63.83537867711137,-344.8441734709268
3.942981157656133,3.2000018295320523,-6.677207724549482,1.8633817350342565,4.900806691947524,4.358385416876368,-8.716770833752737,2.450403345973762,-46.570016864868165,-347.58783494214356
4.271542586945168,3.10188802399691,-6.471949264010644,2.0202396678145997,5.330156967987661,4.230526760836426,-8.461053521672852,2.6650784839938306,-29.15760066218218,-349.47939096888564
4.589434739412639,2.998260876490526,-6.250540158698911,2.1734218132295138,5.746162911371715,4.092114728229651,-8.184229456459303,2.8730814556858575,-11.63795172664543,-350.5049801034465
4.896546013813656,2.889216498239039,-6.012982165901975,2.3233710677666783,6.148308128392229,3.943295168965482,-7.886590337930964,3.0741540641961147,5.979443780806218,-350.6563793361352
5.191362517118172,2.766356196381061,-5.760380415649723,2.4625714183432366,6.535159171793506,3.784563865207034,-7.569127730414068,3.267579585896753,23.435177000190993,-349.9093821320725
5.472359497544981,2.635841982040908,-5.494138885841122,2.593725623418405,6.905054036533674,3.616636170274459,-7.233272340548918,3.452527018266837,40.800924145195395,-348.3024518614962
5.739962469549858,2.507969546502449,-5.213918390392477,2.7272786261532453,7.2578641463484805,3.439600559409088,-6.879201118818176,3.6289320731742403,58.29513821585003,-345.8282644324288
5.993656936677083,2.368990778341113,-4.920185273728217,2.850015405974914,7.592776946920038,3.253833824672045,-6.50766764934409,3.796388473460019,75.49974416959364,-342.47818309403715
6.231607109090721,2.2185296912529044,-4.615122345662938,2.9579823191933334,7.908157553072604,3.0602713979229335,-6.120542795845867,3.954078776536302,92.34978329374195,-338.30124728296386
6.45428283131036,2.072773028283703,-4.2981766243597175,3.0716320081205044,8.203965212985265,2.8589751128738268,-5.7179502257476535,4.101982606492633,109.30205008083475,-333.2411501806175
6.6617832989707875,1.9196595240278673,-3.968968762119246,3.1771626479419655,8.4800238244758,2.649962072196639,-5.299924144393278,4.2400119122379,125.93410958470155,-327.3256488201376
6.85141226028059,1.7486832431866703,-3.631883684082771,3.2514170550110073,8.734003901136262,2.4350141608898586,-4.870028321779717,4.367001950568131,141.75450636294732,-320.7302310772454
7.024702932059676,1.5936384250915638,-3.284131837564097,3.3544056142492784,8.966855740325673,2.2133401304469973,-4.426680260893995,4.483427870162837,158.07828339849328,-313.0915294044522
7.1799456298873485,1.4167365816354338,-2.929290595544323,3.4133425685258816,9.176771288763817,1.9866346363712726,-3.973269272742545,4.588385644381908,173.1338433605354,-304.9461253125638
7.317388253464105,1.2486187911679678,-2.566693034985974,3.490931743668418,9.363961061489178,1.7547245680529497,-3.5094491361058995,4.681980530744589,188.42655164623704,-295.7983533130154
7.436459197165715,1.0704911701198667,-2.19802444516624,3.542292059920844,9.527575568196658,1.5186592600302176,-3.037318520060435,4.763787784098329,202.8073912973562,-286.0935217446001
7.536998405551723,0.8934165998881585,-1.8236735048808992,3.595980186525881,9.667460139154867,1.2786921499966049,-2.5573842999932097,4.833730069577434,216.95086578688517,-275.546615729105
7.618804347090426,0.7127920429959829,-1.4442822824180674,3.638067176798202,9.783282797971843,1.0352991952701687,-2.0705983905403373,4.8916413989859215,230.46880433639174,-264.3424379316836
7.681452433138841,0.5291724050935098,-1.0618468518289839,3.663515290130195,9.874521870666493,0.7895913224144944,-1.5791826448289887,4.937260935333247,243.30453622185198,-252.5568683623201
7.724955016370029,0.345965732063104,-0.676152579247477,3.6913943897774733,9.94114893601272,0.5416543713506774,-1.0833087427013548,4.97057446800636,255.7371713631051,-239.9903331600197
